title,path,crate,bpm,brightness,energy,mfcc_1,mfcc_2,mfcc_3,mfcc_4,mfcc_5,mfcc_6,mfcc_7,mfcc_8,mfcc_9,mfcc_10,mfcc_11,mfcc_12,mfcc_13
HUGEL-David-Guetta-Kehlani-Daecolm-Think-Of-Me-120-3B,/Users/rohan/Downloads/Music/HUGEL-David-Guetta-Kehlani-Daecolm-Think-Of-Me-120-3B.mp3,Reception Dancefloor%%Rap,120.18531976744185,3042.823187727829,0.3754977285861969,-105.57913970947266,119.3204574584961,16.225296020507812,40.451656341552734,2.234468460083008,30.911876678466797,-3.3498213291168213,17.55409812927246,3.9070255756378174,10.374054908752441,5.15985107421875,12.450554847717285,0.29431408643722534
HUGEL-SOLTO-FR-Jamaican-Bam-Bam-ATCG-Edit-128-8A,/Users/rohan/Downloads/Music/HUGEL-SOLTO-FR-Jamaican-Bam-Bam-ATCG-Edit-128-8A.mp3,Reception Dancefloor%%Rap,129.19921875,3959.527675750822,0.3489583432674408,-74.42057800292969,91.70708465576172,-8.792850494384766,45.701602935791016,-1.2859429121017456,31.296302795410156,2.3926892280578613,21.408342361450195,3.7987048625946045,10.192724227905273,-0.4614151120185852,11.764566421508789,0.6478633284568787
Sister-Nancy-Bam-Bam-Federico-Bolletta-5HOURS-Remix-124-8A,/Users/rohan/Downloads/Music/Sister-Nancy-Bam-Bam-Federico-Bolletta-5HOURS-Remix-124-8A.mp3,Reception Dancefloor%%Rap,166.70866935483872,2946.4046810386935,0.28413429856300354,-126.52446746826172,119.6303482055664,-23.9075927734375,31.34966468811035,-4.9136061668396,23.421142578125,-3.2142603397369385,21.700286865234375,0.6424275040626526,2.1078312397003174,0.5947908759117126,17.004758834838867,2.329275369644165
J-Balvin-Willy-William-Mi-Gente-ATGC-Remix-122-9A,/Users/rohan/Downloads/Music/J-Balvin-Willy-William-Mi-Gente-ATGC-Remix-122-9A.mp3,Reception Dancefloor%%Rap,123.046875,3481.171124780515,0.339811772108078,-68.1270751953125,107.47339630126953,-19.98858642578125,40.04497528076172,-9.77612018585205,28.732044219970703,-10.118879318237305,11.249847412109375,0.7054290175437927,5.874274253845215,-5.4383649826049805,9.437417030334473,2.1611721515655518
Tyla - Water (CK Intro - Clean) 3A 117,/Users/rohan/Downloads/Music/Tyla - Water (CK Intro - Clean) 3A 117.mp3,Reception Dancefloor%%Rap,117.45383522727273,2791.6169614329283,0.36017897725105286,-97.13338470458984,127.45783996582031,-5.748589038848877,49.42152786254883,-14.254737854003906,27.86056900024414,-13.161520004272461,17.467954635620117,-2.499316692352295,0.2864338755607605,9.231558799743652,3.450155735015869,-3.76562762260437
Teejay-Davido-Drift-Remix-Intro-Clean-100-7A,/Users/rohan/Downloads/Music/Teejay-Davido-Drift-Remix-Intro-Clean-100-7A.mp3,Reception Dancefloor%%Rap,99.38401442307692,2184.1207218506165,0.22056418657302856,-201.82296752929688,139.75839233398438,10.046184539794922,34.818546295166016,-14.006484985351562,14.581496238708496,-7.123271942138672,3.8731064796447754,-8.875118255615234,-4.237932205200195,-8.02637004852295,-4.0240960121154785,-8.354388236999512
WizTheMc-bees-honey-Take-My-Mind-Radio-Edit-114-2A,/Users/rohan/Downloads/Music/WizTheMc-bees-honey-Take-My-Mind-Radio-Edit-114-2A.mp3,Reception Dancefloor%%Rap,114.84375,2412.0970079920726,0.33871397376060486,-97.7862777709961,144.7371826171875,-11.225839614868164,31.963302612304688,-12.678876876831055,20.07977867126465,-13.88801383972168,9.196374893188477,-4.754231929779053,1.1502938270568848,-1.7663713693618774,8.838277816772461,1.5005806684494019
Burna-Boy-Dont-Let-Me-Drown-113-12B,/Users/rohan/Downloads/Music/Burna-Boy-Dont-Let-Me-Drown-113-12B.mp3,Reception Dancefloor%%Rap,112.34714673913044,3226.8634747819515,0.27463942766189575,-108.107177734375,115.0807113647461,2.458228588104248,36.350372314453125,-2.9637703895568848,26.01840591430664,6.278223037719727,11.820605278015137,3.584240674972534,10.228787422180176,3.8327455520629883,4.3439040184021,4.073461055755615
Nicki-Minaj-FTCU-Booty-Patrol-Remix-Dirty-140-2A,/Users/rohan/Downloads/Music/Nicki-Minaj-FTCU-Booty-Patrol-Remix-Dirty-140-2A.mp3,Reception Dancefloor%%Rap,69.83741554054055,3047.5519899927535,0.21074192225933075,-162.03244018554688,115.19175720214844,-29.719762802124023,31.682048797607422,-1.7828127145767212,18.22039794921875,-3.3380367755889893,21.565216064453125,-0.3409653902053833,13.503591537475586,2.1385090351104736,3.725099563598633,0.9139105081558228
The Weeknd - The Hills - Diego Druck Remix (Dirty),/Users/rohan/Downloads/Music/The Weeknd - The Hills - Diego Druck Remix (Dirty).mp3,Reception Dancefloor%%Rap,120.18531976744185,2362.454958501921,0.19843915104866028,-118.9177017211914,160.23095703125,-26.584882736206055,17.93758773803711,-18.749784469604492,5.648545742034912,-13.231103897094727,-3.6191904544830322,-6.9571099281311035,-14.627593994140625,-14.59432315826416,-9.695124626159668,-5.811966896057129
Jack-Harlow-Lovin-On-Me-Hiram-Edit-Dirty-113-6A,/Users/rohan/Downloads/Music/Jack-Harlow-Lovin-On-Me-Hiram-Edit-Dirty-113-6A.mp3,Reception Dancefloor%%Rap,112.34714673913044,3186.5779494348117,0.31759288907051086,-83.9200210571289,121.82855987548828,-9.944328308105469,44.68702697753906,-7.949775218963623,38.49137878417969,-6.038549423217773,18.444171905517578,-3.86122465133667,5.853951930999756,-6.8334550857543945,3.902104616165161,-5.752470016479492
Justin-Bieber-YUKON-DJU-DJU-Remix-102-11A,/Users/rohan/Downloads/Music/Justin-Bieber-YUKON-DJU-DJU-Remix-102-11A.mp3,Reception Dancefloor%%Rap,101.33272058823529,2689.2704795458967,0.23278610408306122,-186.02154541015625,119.72000885009766,17.29720115661621,38.4218635559082,-2.9776313304901123,24.095426559448242,5.5181074142456055,6.509573459625244,-1.4838155508041382,1.9707767963409424,-4.427680015563965,1.4562742710113525,-0.01816381700336933
Tesher - Mi Gente x Badtameez Dil,/Users/rohan/Downloads/Music/Tesher - Mi Gente x Badtameez Dil.mp3,Reception Dancefloor%%Rap,139.6748310810811,3549.041174579604,0.2057591676712036,-114.16602325439453,105.59782409667969,-35.14695739746094,40.434505462646484,-16.492582321166992,31.40127944946289,-18.896764755249023,9.361305236816406,-5.667233943939209,2.782451868057251,-8.371801376342773,2.266878604888916,2.7176854610443115
Rihanna-Pour-It-Up-Kira-Edit-Clean-135-11A,/Users/rohan/Downloads/Music/Rihanna-Pour-It-Up-Kira-Edit-Clean-135-11A.mp3,Reception Dancefloor%%Rap,135.99917763157896,3154.596239875114,0.33447501063346863,-100.11939239501953,115.3385009765625,-9.497170448303223,58.00061798095703,-6.4990620613098145,29.692304611206055,-2.566237688064575,26.897207260131836,0.9303826689720154,8.707230567932129,15.409025192260742,4.4499382972717285,6.252225399017334
El-Alfa-4K-QURE-Edit-Dirty-122-2A,/Users/rohan/Downloads/Music/El-Alfa-4K-QURE-Edit-Dirty-122-2A.mp3,Reception Dancefloor%%Rap,123.046875,2720.4946178670584,0.16226625442504883,-137.32797241210938,136.20484924316406,-61.953731536865234,6.892237186431885,-23.68842315673828,1.921696424484253,-14.881013870239258,6.638838768005371,-4.453794956207275,-5.3915114402771,-0.7184210419654846,-3.9072859287261963,-1.8762081861495972
Don-Toliver-FWU-RED-SIP-Remix-Dirty-132-5A,/Users/rohan/Downloads/Music/Don-Toliver-FWU-RED-SIP-Remix-Dirty-132-5A.mp3,Reception Dancefloor%%Rap,132.51201923076923,4170.294292881604,0.33826780319213867,-82.1670150756836,86.63282012939453,-2.2367680072784424,33.12028503417969,-3.188707113265991,26.982681274414062,1.057805061340332,19.727624893188477,7.397821426391602,14.402563095092773,6.4237799644470215,10.089227676391602,6.986114025115967
Pasoori_320(PagalWorld.com.sb),/Users/rohan/Downloads/Music/Pasoori_320(PagalWorld.com.sb).mp3,Reception Dancefloor%%Rap,92.28515625,3946.8093153038567,0.22177152335643768,-132.6902313232422,103.6904296875,-9.166912078857422,30.328857421875,-27.414140701293945,26.70620346069336,-26.011699676513672,14.152880668640137,-9.54347038269043,1.8465288877487183,-15.433761596679688,17.30801773071289,-5.763878345489502
Ravi B - _ Dance Ka Bhoot Remix _ Official Music Video 2022,/Users/rohan/Downloads/Music/Import New Bollywood/Ravi B - _ Dance Ka Bhoot Remix _ Official Music Video 2022.mp3,Reception Dancefloor%%Rap,135.99917763157896,3314.4836742691205,0.23189856112003326,-100.31147003173828,119.24470520019531,-20.065916061401367,23.56267738342285,-12.504043579101562,18.39036750793457,-7.692873477935791,12.489689826965332,-7.7838592529296875,7.720336437225342,-2.7431070804595947,10.650943756103516,-1.5097811222076416
Chunari Chunari (00's mix) - 1B - 130,/Users/rohan/Downloads/Music/Chunari Chunari (00's mix) - 1B - 130.mp3,Reception Dancefloor%%Rap,129.19921875,2870.6615063637614,0.24036866426467896,-118.91815185546875,124.4838638305664,-52.42518997192383,67.1490707397461,-6.518721580505371,23.02706527709961,3.1069531440734863,17.52073097229004,3.308825731277466,10.46228313446045,12.126944541931152,3.9317002296447754,2.0891847610473633
Disco-Lines-Tinashe-No-Broke-Boys-Clean-131-1A,/Users/rohan/Downloads/Music/Disco-Lines-Tinashe-No-Broke-Boys-Clean-131-1A.mp3,Reception Dancefloor%%Rap,132.51201923076923,2627.9035265356288,0.24114549160003662,-114.06997680664062,141.76336669921875,-18.145465850830078,30.70088768005371,-9.303814888000488,5.965594291687012,-6.08536434173584,6.395776748657227,-7.571500778198242,0.9664701819419861,-1.9359062910079956,0.8935033082962036,-5.135006904602051
Drake - What Did I Miss - Hills Remix (Dirty),/Users/rohan/Downloads/Music/Drake - What Did I Miss - Hills Remix (Dirty).mp3,Reception Dancefloor%%Rap,129.19921875,4304.810321980105,0.16556128859519958,-88.58656311035156,104.20401763916016,-31.458736419677734,45.32735061645508,-31.78582763671875,32.289520263671875,-16.9722957611084,3.3737196922302246,-6.214260101318359,1.6288775205612183,-7.367059707641602,-5.329346656799316,-5.259862422943115
Empire Of The Sun - Walking On A Dream - BLOND_ISH Remix (Intro - Clean),/Users/rohan/Downloads/Music/Empire Of The Sun - Walking On A Dream - BLOND_ISH Remix (Intro - Clean).mp3,Reception Dancefloor%%Rap,126.04801829268293,3760.5231958981058,0.3433558940887451,-74.10431671142578,107.40714263916016,-1.2726798057556152,46.32356262207031,-7.2245707511901855,36.439945220947266,0.619467556476593,19.1282901763916,-5.655036926269531,13.074996948242188,-1.3834410905838013,12.171392440795898,-1.7697536945343018
FISHER & Jennifer Lopez - Waiting For Tonight - Mark Anthony Show Me Love Edit,/Users/rohan/Downloads/Music/FISHER & Jennifer Lopez - Waiting For Tonight - Mark Anthony Show Me Love Edit.mp3,Reception Dancefloor%%Rap,126.04801829268293,3230.1769822205206,0.25447624921798706,-113.84809112548828,116.30496215820312,-18.252134323120117,55.0411262512207,-2.797795295715332,32.158321380615234,-4.762547969818115,25.117555618286133,-0.2237514853477478,3.6506078243255615,5.304609298706055,3.2756807804107666,2.551643133163452
HUGEL-Topic-Arash-feat.-Daecolm-I-Adore-You-ARTBAT-Remix-124-10A,/Users/rohan/Downloads/Music/HUGEL-Topic-Arash-feat.-Daecolm-I-Adore-You-ARTBAT-Remix-124-10A.mp3,Reception Dancefloor%%Rap,123.046875,3019.1417550407946,0.07752510905265808,-224.96405029296875,133.03582763671875,-18.35157012939453,35.751708984375,2.914203405380249,8.171632766723633,-20.799699783325195,-3.9892170429229736,-5.2784295082092285,-1.6220413446426392,-10.196043014526367,-3.884366989135742,-9.262279510498047
Meduza-feat.-Goodboys-Piece-Of-Your-Heart-DJ-Dark-MD-DJ-Remix-Radio-Edit-126-2A,/Users/rohan/Downloads/Music/Meduza-feat.-Goodboys-Piece-Of-Your-Heart-DJ-Dark-MD-DJ-Remix-Radio-Edit-126-2A.mp3,Reception Dancefloor%%Rap,126.04801829268293,3180.421853035409,0.1972612887620926,-123.2088851928711,127.1356201171875,-10.869178771972656,40.50978469848633,-12.455099105834961,31.646100997924805,-3.6226813793182373,11.251310348510742,-0.66614830493927,6.218770980834961,-4.109491348266602,3.908381938934326,2.000786542892456
Martin Garrix - Animals (Intro Edit) (Clean) 127,/Users/rohan/Downloads/Music/Martin Garrix - Animals (Intro Edit) (Clean) 127.mp3,Reception Dancefloor%%Rap,129.19921875,2977.7524166946505,0.33628222346305847,-105.6507339477539,135.61480712890625,-20.705102920532227,34.59746170043945,-10.17362117767334,25.458446502685547,-2.4786641597747803,26.76048469543457,3.9978079795837402,20.634525299072266,-1.109504222869873,9.06015396118164,-2.736966133117676
El-Alfa-CJ-Chael-Produciendo-feat.-El-Cherry-Scom-vs.-Nina-Sky-La-Mama-de-la-Mama-Kupyd-Move-Ya-Body-Edit-Dirty-128-11A,/Users/rohan/Downloads/Music/El-Alfa-CJ-Chael-Produciendo-feat.-El-Cherry-Scom-vs.-Nina-Sky-La-Mama-de-la-Mama-Kupyd-Move-Ya-Body-Edit-Dirty-128-11A.mp3,Reception Dancefloor%%Rap,129.19921875,2672.1899009308268,0.3169172406196594,-102.5297622680664,134.51412963867188,-26.93674087524414,39.51471710205078,-2.9897537231445312,30.50560188293457,-21.158367156982422,6.292590618133545,2.1865310668945312,3.77351713180542,-7.281113147735596,10.442073822021484,-2.3534674644470215
08 Pehli Nazar (desiton),/Users/rohan/Downloads/Music/08 Pehli Nazar (desiton).mp3,Reception Dancefloor%%Rap,99.38401442307692,2977.9359876555404,0.2734246551990509,-100.41381072998047,125.47872924804688,-19.89838218688965,50.82252502441406,-7.743647575378418,21.303516387939453,-1.9638158082962036,16.179378509521484,2.8142595291137695,3.3004183769226074,5.526240348815918,10.00148868560791,0.611003577709198
Make My Love Go (Maluma Remix),/Users/rohan/Downloads/Music/Make My Love Go (Maluma Remix).mp3,Reception Dancefloor%%Rap,106.13207547169812,3411.3685069179387,0.24226562678813934,-127.25033569335938,113.38856506347656,-14.578158378601074,55.487403869628906,-5.028074741363525,36.032188415527344,-8.284381866455078,9.966876983642578,-3.8055949211120605,7.47078275680542,0.8795442581176758,5.343266010284424,4.237934112548828
Pitbull_Rain-05.Rain Over Me (Quintino Remix),/Users/rohan/Downloads/Music/Pitbull_Rain-05.Rain Over Me (Quintino Remix).mp3,Reception Dancefloor%%Rap,129.19921875,3272.772406068967,0.27887478470802307,-39.1068229675293,133.20083618164062,-26.57086181640625,31.8326473236084,-21.69948387145996,20.25164794921875,-15.985947608947754,15.826029777526855,-4.9748945236206055,8.030933380126953,-6.242053031921387,9.522899627685547,-7.753185272216797
Future - Solo (Intro Clean),/Users/rohan/Downloads/Music/Future - Solo (Intro Clean).mp3,Reception Dancefloor%%Rap,109.95678191489361,1475.243632639731,0.33388808369636536,-163.34780883789062,189.0989532470703,-23.443500518798828,36.341522216796875,6.8305792808532715,14.089699745178223,1.6609642505645752,12.645110130310059,6.836902141571045,6.649881839752197,5.039273738861084,1.7645841836929321,6.978086948394775
Waka Flocka Flame - Grove St. Party (Clean),/Users/rohan/Downloads/Music/Waka Flocka Flame - Grove St. Party (Clean).mp3,Reception Dancefloor%%Rap,139.6748310810811,4294.664725243648,0.2646968960762024,-79.36253356933594,90.86713409423828,-37.16285705566406,41.33552932739258,-40.25236129760742,22.522384643554688,-22.21062660217285,4.124035358428955,-13.612456321716309,2.6790828704833984,-18.31130027770996,0.12041886895895004,0.5668604969978333
Travis Scott &038; CHASE B - 01 FE!N (CHASE B REMIX),/Users/rohan/Downloads/Music/Travis Scott &038; CHASE B - 01 FE!N (CHASE B REMIX).m4a,Music,129.19921875,4783.916809470067,0.2726445496082306,-68.04662322998047,88.38572692871094,7.854290962219238,29.39262580871582,1.611539602279663,15.230217933654785,3.4797801971435547,1.9529129266738892,2.9871630668640137,6.275333404541016,7.784648895263672,7.793096542358398,6.752835273742676
One Direction - What Makes You Beautiful (CK Intro - Clean),/Users/rohan/Downloads/Music/One Direction - What Makes You Beautiful (CK Intro - Clean).mp3,Music,126.04801829268293,3828.7115688968397,0.24972756206989288,-59.913753509521484,111.7643051147461,-28.350072860717773,29.769277572631836,-6.637687683105469,21.11798667907715,-4.7633843421936035,4.995471954345703,2.7918448448181152,7.222860336303711,2.094949245452881,8.429240226745605,1.2929009199142456
Luis-Fonsi-Daddy-Yankee-Despacito-DJ-LEAD-Remix-100-10A,/Users/rohan/Downloads/Music/Luis-Fonsi-Daddy-Yankee-Despacito-DJ-LEAD-Remix-100-10A.mp3,Music,99.38401442307692,3828.5990829950892,0.28394466638565063,-65.5075454711914,111.06578063964844,-24.33714485168457,32.22943115234375,-1.017490267753601,25.35796356201172,1.5299700498580933,8.800954818725586,6.477232933044434,6.690762042999268,0.09766437858343124,4.460430145263672,1.7777397632598877
Chunnari Chunnari (Wedding Style Remix) _ DJ Kaash _ Biwi No.1 _ Salman Khan _ Sushmita Sen,/Users/rohan/Downloads/Music/Chunnari Chunnari (Wedding Style Remix) _ DJ Kaash _ Biwi No.1 _ Salman Khan _ Sushmita Sen.mp3,Music,66.25600961538461,3319.6685018040407,0.2832540273666382,-51.178428649902344,130.22674560546875,-47.015472412109375,49.18027877807617,-18.62582778930664,24.782625198364258,-19.579235076904297,20.26243782043457,-3.2169997692108154,13.712862968444824,1.7593077421188354,2.667780876159668,-1.1426093578338623
A.R. Rahman - Jai Ho (KVM & Zen Flo Remix) [From Slumdog Millionaire] FINAL MASTER,/Users/rohan/Downloads/Music/A.R. Rahman - Jai Ho (KVM & Zen Flo Remix) [From Slumdog Millionaire] FINAL MASTER.wav,Music,126.04801829268293,3024.6126126261674,0.26101061701774597,-113.9878921508789,127.38798522949219,-29.135515213012695,35.74177169799805,-9.26010799407959,21.462326049804688,-14.68317699432373,7.300016403198242,-7.655888557434082,-6.434453964233398,1.2543154954910278,-1.860929250717163,-1.926037311553955
Avicii-feat.-Aloe-Blacc-Wake-Me-Up-SRY-2023-Remix-128-10A,/Users/rohan/Downloads/Music/Avicii-feat.-Aloe-Blacc-Wake-Me-Up-SRY-2023-Remix-128-10A.mp3,Music,129.19921875,3181.615757941073,0.17699214816093445,-81.5372085571289,140.12417602539062,-19.615005493164062,36.25490951538086,-19.641498565673828,23.32911491394043,-11.179969787597656,9.763790130615234,-10.602703094482422,5.573439598083496,-9.429914474487305,7.604414939880371,-2.94315505027771
The-Weeknd-Playboi-Carti-Timeless-THUGLI-Remix-Dirty-125-10A,/Users/rohan/Downloads/Music/The-Weeknd-Playboi-Carti-Timeless-THUGLI-Remix-Dirty-125-10A.mp3,Music,126.04801829268293,3294.347391000614,0.23944559693336487,-109.96318817138672,121.40593719482422,-15.098094940185547,49.97171401977539,-22.37820816040039,17.151552200317383,-15.700745582580566,6.678047180175781,-7.204339027404785,1.2969303131103516,0.9079136252403259,-4.562941551208496,-0.2784096896648407
Love Mera Hit Hit - (Raag.Fm),/Users/rohan/Downloads/Music/Love Mera Hit Hit - (Raag.Fm).mp3,Music,105.46875,3592.5820243871717,0.2748309075832367,-61.73415756225586,121.41517639160156,-30.852550506591797,56.122962951660156,-20.154680252075195,40.38706970214844,-13.993551254272461,23.20063018798828,-7.250988483428955,16.755895614624023,0.07742659002542496,10.970756530761719,2.8577990531921387
"Tegi Pannu, Manni Sandhu & Navaan Sandhu - Addicted (Intro)","/Users/rohan/Downloads/Music/Tegi Pannu, Manni Sandhu & Navaan Sandhu - Addicted (Intro).mp3",Music,93.96306818181819,4906.101945456612,0.25407102704048157,-90.7900390625,84.0478286743164,6.289355278015137,30.38775634765625,-3.1868600845336914,28.66219711303711,-20.90896224975586,11.479013442993164,-13.811260223388672,1.8447133302688599,-15.346059799194336,-0.19805705547332764,-5.71923828125
A Sky Full Of Stars (Robin Schulz Remix),/Users/rohan/Downloads/Music/A Sky Full Of Stars (Robin Schulz Remix).mp3,Music,123.046875,3402.111043558403,0.18329225480556488,-164.0585174560547,117.41464233398438,-2.7727794647216797,34.011756896972656,1.7173067331314087,24.40178871154785,-5.807534217834473,10.342984199523926,-0.717735767364502,4.853757858276367,-2.1887621879577637,0.10255219787359238,-0.6379122138023376
Bryson Tiller - Whatever She Wants (CK Intro - Dirty) 8A 96,/Users/rohan/Downloads/Music/Bryson Tiller - Whatever She Wants (CK Intro - Dirty) 8A 96.mp3,Music,95.33898305084746,3371.133523898163,0.2870873212814331,-144.24835205078125,117.69605255126953,-13.275592803955078,27.212034225463867,-11.008492469787598,24.030776977539062,-24.82887840270996,4.484370708465576,-1.395266056060791,-2.8717758655548096,-7.376753807067871,8.868207931518555,-3.611659288406372
DJ-Snake-feat.-Future-Travis-Scott-Tsunami-HMC-Pt.-2-Intro-Clean-70-1A,/Users/rohan/Downloads/Music/DJ-Snake-feat.-Future-Travis-Scott-Tsunami-HMC-Pt.-2-Intro-Clean-70-1A.mp3,Music,139.6748310810811,3327.260705739897,0.544464111328125,-23.828420639038086,117.68599700927734,2.577890634536743,40.070777893066406,-13.29404067993164,27.864795684814453,-5.6882853507995605,13.392738342285156,-0.46400484442710876,7.381789207458496,-3.3233158588409424,8.75167465209961,2.7110595703125
Lady-Gaga-feat.-Colby-ODonis-Just-Dance-Benji-Fink-2023-Remix-132-12A,/Users/rohan/Downloads/Music/Lady-Gaga-feat.-Colby-ODonis-Just-Dance-Benji-Fink-2023-Remix-132-12A.mp3,Music,87.5926906779661,3041.7988544106,0.3196842074394226,-96.89429473876953,122.60466003417969,-22.028921127319336,38.71510314941406,-25.022672653198242,11.706329345703125,-12.525368690490723,6.842324256896973,-0.11567217856645584,1.32920241355896,2.670602560043335,6.179738998413086,2.6908442974090576
TLC - No Scrubs (Intro Clean),/Users/rohan/Downloads/Music/TLC - No Scrubs (Intro Clean).mp3,Music,92.28515625,3914.863317752087,0.23368249833583832,-108.60371398925781,104.32295989990234,5.112026691436768,40.972999572753906,-10.683016777038574,23.47473907470703,-8.552244186401367,15.44863224029541,-2.1073267459869385,8.260682106018066,3.5666613578796387,11.818472862243652,-4.827080249786377
Future - Solo (Intro Clean),/Users/rohan/Downloads/Music/Future - Solo (Intro Clean).mp3,Music,109.95678191489361,1475.243632639731,0.33388808369636536,-163.34780883789062,189.0989532470703,-23.443500518798828,36.341522216796875,6.8305792808532715,14.089699745178223,1.6609642505645752,12.645110130310059,6.836902141571045,6.649881839752197,5.039273738861084,1.7645841836929321,6.978086948394775
Waka Flocka Flame - Grove St. Party (Clean),/Users/rohan/Downloads/Music/Waka Flocka Flame - Grove St. Party (Clean).mp3,Music,139.6748310810811,4294.664725243648,0.2646968960762024,-79.36253356933594,90.86713409423828,-37.16285705566406,41.33552932739258,-40.25236129760742,22.522384643554688,-22.21062660217285,4.124035358428955,-13.612456321716309,2.6790828704833984,-18.31130027770996,0.12041886895895004,0.5668604969978333
Double Addi (Afro House Edit) - DJ Aura (1),/Users/rohan/Downloads/Music/Double Addi (Afro House Edit) - DJ Aura (1).wav,Music,129.19921875,4373.285838225358,0.1264566332101822,-107.13362121582031,102.72920989990234,-32.02890396118164,39.70144271850586,-24.8377628326416,25.618633270263672,-21.2877197265625,14.684717178344727,-10.252395629882812,6.950267791748047,-7.716207504272461,6.176131725311279,-4.622848987579346
Kisi Disco Mein X Amplifier - Rhythm Flyp (hearthis.at) 3,/Users/rohan/Downloads/Music/Kisi Disco Mein X Amplifier - Rhythm Flyp (hearthis.at) 3.mp3,Music,89.28571428571429,3524.0073011830923,0.2824709117412567,-82.99580383300781,119.06581115722656,-45.49063491821289,52.4431266784668,-13.029681205749512,26.289445877075195,-19.459829330444336,7.068115711212158,-13.521650314331055,1.7253259420394897,-4.1961236000061035,1.6120210886001587,4.363205432891846
Shardaysa Jones - Give Me My Gots (Beataholic Intro) (Clean) 101,/Users/rohan/Downloads/Music/Shardaysa Jones - Give Me My Gots (Beataholic Intro) (Clean) 101.mp3,Music,101.33272058823529,4105.177045959411,0.14385101199150085,-129.98638916015625,101.74385833740234,-57.56745910644531,33.526206970214844,-26.647615432739258,37.804725646972656,-30.167539596557617,15.86927318572998,-12.137131690979004,5.229403972625732,-5.934165954589844,9.106775283813477,6.687804698944092
Rock N Roll Soniye - DJ Harsh Remix (Shattered Edit)(FINAL),/Users/rohan/Downloads/Music/Rock N Roll Soniye - DJ Harsh Remix (Shattered Edit)(FINAL).m4a,Music,109.95678191489361,3318.238645660851,0.3381202220916748,-24.665084838867188,134.77003479003906,-45.3983154296875,47.501705169677734,-26.279937744140625,29.802776336669922,-20.48116111755371,16.669189453125,-10.438985824584961,11.307961463928223,-7.096170902252197,4.8036041259765625,2.046377182006836
Kanye West - Good Life [HH Clean Intro] 3A 85,/Users/rohan/Downloads/Music/Kanye West - Good Life [HH Clean Intro] 3A 85.mp3,Music,84.72079918032787,2208.1738926417784,0.2773471176624298,-122.55299377441406,151.24595642089844,-26.46615982055664,35.0791015625,7.468092441558838,29.337400436401367,-1.3885959386825562,10.864441871643066,5.569680690765381,6.704804420471191,2.154869794845581,5.955619812011719,3.3426480293273926
BAND4BAND (HILLS RMX),/Users/rohan/Downloads/Music/BAND4BAND (HILLS RMX) .mp3,Music,129.19921875,4011.207695350015,0.3180471956729889,-65.0300521850586,102.21664428710938,-13.78684139251709,50.6175651550293,-14.928667068481445,36.08683776855469,-11.419509887695312,20.555208206176758,-7.127427577972412,12.332881927490234,-2.0183911323547363,5.180724620819092,-1.6522634029388428
Flo Milli  - Never Lose Me (Intro Clean),/Users/rohan/Downloads/Music/Flo Milli  - Never Lose Me (Intro Clean).mp3,Music,123.046875,3389.341719849975,0.2887413501739502,-116.42102813720703,111.4866714477539,3.721198320388794,48.35053634643555,-10.88299560546875,25.78152847290039,-9.017607688903809,19.80736541748047,-6.043084621429443,11.320460319519043,2.5524332523345947,10.060897827148438,-2.6181561946868896
DaBaby-SHAKE-SUMN-Intro-Clean-143-1A,/Users/rohan/Downloads/Music/DaBaby-SHAKE-SUMN-Intro-Clean-143-1A.mp3,Music,71.77734375,2348.635112546095,0.3658216595649719,-125.40724182128906,139.4157257080078,-21.780046463012695,38.2762336730957,-4.051708221435547,24.047779083251953,1.2722642421722412,5.446669101715088,6.136178493499756,2.904418468475342,4.196211338043213,6.807187080383301,4.9946675300598145
DIVINE & Karan Aujla - Tareefan (DJcity Intro),/Users/rohan/Downloads/Music/DIVINE & Karan Aujla - Tareefan (DJcity Intro).mp3,Music,117.45383522727273,3364.1532856557033,0.21901202201843262,-115.01456451416016,121.09556579589844,-12.632112503051758,28.43647575378418,-18.673612594604492,21.659868240356445,-18.331199645996094,0.32458409667015076,-7.381516933441162,-1.3971738815307617,-11.427286148071289,-3.2285568714141846,-6.571310997009277
El-Alfa-CJ-Chael-Produciendo-feat.-El-Cherry-Scom-vs.-Nina-Sky-La-Mama-de-la-Mama-Kupyd-Move-Ya-Body-Edit-Dirty-128-11A,/Users/rohan/Downloads/Music/El-Alfa-CJ-Chael-Produciendo-feat.-El-Cherry-Scom-vs.-Nina-Sky-La-Mama-de-la-Mama-Kupyd-Move-Ya-Body-Edit-Dirty-128-11A.mp3,Music,129.19921875,2672.1899009308268,0.3169172406196594,-102.5297622680664,134.51412963867188,-26.93674087524414,39.51471710205078,-2.9897537231445312,30.50560188293457,-21.158367156982422,6.292590618133545,2.1865310668945312,3.77351713180542,-7.281113147735596,10.442073822021484,-2.3534674644470215
Lil-Uzi-Vert-Chanel-Boy-Intro-Dirty-70-3A,/Users/rohan/Downloads/Music/Lil-Uzi-Vert-Chanel-Boy-Intro-Dirty-70-3A.mp3,Music,139.6748310810811,3866.6953459750653,0.3424549996852875,-54.09396743774414,105.28916931152344,-29.12320327758789,30.883495330810547,-23.445341110229492,27.165699005126953,-12.6416597366333,9.231697082519531,-5.4665398597717285,6.533310413360596,-3.1439735889434814,13.459681510925293,-1.952357292175293
Boy's A Liar Pt. 2 (HOEST & Sev House Edit),/Users/rohan/Downloads/Music/Boy's A Liar Pt. 2 (HOEST & Sev House Edit).mp3,Music,132.51201923076923,3505.9941277499224,0.3700092136859894,-86.36189270019531,113.54449462890625,1.038879632949829,44.641700744628906,-16.078441619873047,28.95893669128418,-4.614789009094238,15.416118621826172,-6.668272018432617,6.7396955490112305,1.1329307556152344,2.450486183166504,-2.2937839031219482
Millionaire_320(PagalWorld.com.sb),/Users/rohan/Downloads/Music/Millionaire_320(PagalWorld.com.sb).mp3,Music,95.703125,3356.3850975837067,0.26906687021255493,-89.11702728271484,129.69476318359375,-15.554999351501465,45.1197624206543,-13.059921264648438,31.16859245300293,-20.80491065979004,20.723073959350586,-2.068416118621826,6.081199645996094,-8.034003257751465,7.965083122253418,0.29643967747688293
Nicky Jam - Hasta El Amanecer  Intro,/Users/rohan/Downloads/Music/Nicky Jam - Hasta El Amanecer  Intro .mp3,Music,93.96306818181819,2780.783763461078,0.20959065854549408,-147.47714233398438,127.5884780883789,-15.175947189331055,35.26318359375,-5.943313121795654,26.5865478515625,-22.66140365600586,1.7737855911254883,-5.044060230255127,-3.217632532119751,-12.63382625579834,-3.248342514038086,-0.039071664214134216
"Rihanna X AFROKHIN, BDT, SB - Bitch Better Have My Money Calabria (Fabien Pizar mashup)","/Users/rohan/Downloads/Music/Rihanna X AFROKHIN, BDT, SB - Bitch Better Have My Money Calabria (Fabien Pizar mashup).mp3",Music,123.046875,2921.0403357536434,0.3276421129703522,-74.01548767089844,133.79702758789062,-32.03826904296875,47.73291778564453,-13.403125762939453,27.98239517211914,-9.223834037780762,15.286982536315918,-1.1593000888824463,8.891998291015625,4.05661153793335,8.010685920715332,4.999758720397949
Pitbull_Rain-05.Rain Over Me (Quintino Remix),/Users/rohan/Downloads/Music/Pitbull_Rain-05.Rain Over Me (Quintino Remix).mp3,Music,129.19921875,3272.772406068967,0.27887478470802307,-39.1068229675293,133.20083618164062,-26.57086181640625,31.8326473236084,-21.69948387145996,20.25164794921875,-15.985947608947754,15.826029777526855,-4.9748945236206055,8.030933380126953,-6.242053031921387,9.522899627685547,-7.753185272216797
Travis Scott 12A 80 - Topia Twins (Wingman) (Clean - 80BPM),/Users/rohan/Downloads/Music/Travis Scott 12A 80 - Topia Twins (Wingman) (Clean - 80BPM).mp3,Music,161.4990234375,3120.2165640749818,0.2492033988237381,-134.12548828125,117.53978729248047,-23.756654739379883,50.641197204589844,-13.9462890625,29.093782424926758,-8.912479400634766,1.538299798965454,-0.6907219886779785,-5.015824794769287,-1.917054533958435,-2.0274240970611572,-0.8058382868766785
Saweetie-Tap-In-PeteDown-Mix-Clean-100-5A,/Users/rohan/Downloads/Music/Saweetie-Tap-In-PeteDown-Mix-Clean-100-5A.mp3,Music,99.38401442307692,3874.5620044653606,0.3437024652957916,-104.06382751464844,95.33555603027344,-2.2222185134887695,35.51016616821289,5.620946407318115,30.362817764282227,-2.4266202449798584,24.717805862426758,5.400528907775879,9.847188949584961,2.918724298477173,7.847801208496094,-0.6710958480834961
Mark-Villa-Riptide-125-5A,/Users/rohan/Downloads/Music/Mark-Villa-Riptide-125-5A.mp3,Music,126.04801829268293,3871.207711947834,0.33644941449165344,-56.773860931396484,103.24520874023438,-16.98808479309082,30.711484909057617,0.4291156828403473,27.598905563354492,-2.3497254848480225,14.745966911315918,-1.2903449535369873,12.553173065185547,-5.716614723205566,7.109711170196533,-5.032036304473877
Teejay-Davido-Drift-Remix-Intro-Clean-100-7A,/Users/rohan/Downloads/Music/Teejay-Davido-Drift-Remix-Intro-Clean-100-7A.mp3,Music,99.38401442307692,2184.1207218506165,0.22056418657302856,-201.82296752929688,139.75839233398438,10.046184539794922,34.818546295166016,-14.006484985351562,14.581496238708496,-7.123271942138672,3.8731064796447754,-8.875118255615234,-4.237932205200195,-8.02637004852295,-4.0240960121154785,-8.354388236999512
Cherrelle - I Didn't Mean To Turn You On [80s Redrum] (Intro Edit) (Clean),/Users/rohan/Downloads/Music/Cherrelle - I Didn't Mean To Turn You On [80s Redrum] (Intro Edit) (Clean).mp3,Music,120.18531976744185,3751.6797476408688,0.17017151415348053,-100.65352630615234,108.97964477539062,-53.17812728881836,38.81026077270508,-19.598163604736328,29.04197120666504,-16.932828903198242,16.795902252197266,-4.253632545471191,3.412956953048706,-1.352332353591919,-1.2823703289031982,-4.664248466491699
Meduza-feat.-Goodboys-Piece-Of-Your-Heart-DJ-Dark-MD-DJ-Remix-Radio-Edit-126-2A,/Users/rohan/Downloads/Music/Meduza-feat.-Goodboys-Piece-Of-Your-Heart-DJ-Dark-MD-DJ-Remix-Radio-Edit-126-2A.mp3,Music,126.04801829268293,3180.421853035409,0.1972612887620926,-123.2088851928711,127.1356201171875,-10.869178771972656,40.50978469848633,-12.455099105834961,31.646100997924805,-3.6226813793182373,11.251310348510742,-0.66614830493927,6.218770980834961,-4.109491348266602,3.908381938934326,2.000786542892456
Avvy Sra & Karan Aujla - White Brown Black (Intro),/Users/rohan/Downloads/Music/Avvy Sra & Karan Aujla - White Brown Black (Intro).mp3,Music,120.18531976744185,2758.9266294560157,0.33480316400527954,-79.66690826416016,141.1448516845703,-18.221235275268555,34.06942367553711,-14.624232292175293,17.204540252685547,-0.5476550459861755,12.735705375671387,-3.8565757274627686,10.421707153320312,-3.484872341156006,8.186481475830078,0.27820315957069397
Kisi Disco Mein X Amplifier - Rhythm Flyp (hearthis.at) 2,/Users/rohan/Downloads/Music/Kisi Disco Mein X Amplifier - Rhythm Flyp (hearthis.at) 2.mp3,Music,89.28571428571429,3524.0073011830923,0.2824709117412567,-82.99580383300781,119.06581115722656,-45.49063491821289,52.4431266784668,-13.029681205749512,26.289445877075195,-19.459829330444336,7.068115711212158,-13.521650314331055,1.7253259420394897,-4.1961236000061035,1.6120210886001587,4.363205432891846
Nina-Sky-Move-Ya-Body-saie-Edit-129-12A,/Users/rohan/Downloads/Music/Nina-Sky-Move-Ya-Body-saie-Edit-129-12A.mp3,Music,129.19921875,3107.7779567081475,0.250224769115448,-136.96705627441406,114.48906707763672,-32.12764358520508,30.934833526611328,-1.543714165687561,13.85908317565918,-18.734182357788086,2.2932252883911133,-7.146816730499268,-9.437853813171387,1.2901923656463623,-1.7022221088409424,-5.708439350128174
Mayur Thakor    RanBaaka Bhathiji   Hits Of Gujarati Song  Jay Shree Ambe Sound,/Users/rohan/Downloads/Music/Mayur Thakor    RanBaaka Bhathiji   Hits Of Gujarati Song  Jay Shree Ambe Sound.mp3,Music,90.66611842105263,3829.7026146629873,0.33233553171157837,-38.21917724609375,122.93667602539062,-30.436819076538086,50.79456329345703,-36.443241119384766,33.35930252075195,-22.377765655517578,23.80379295349121,-17.423715591430664,7.942124366760254,-7.726563930511475,7.639429092407227,-0.6860803365707397
"Black Eyed Peas, Ozuna & J. Rey Soul - MAMACITA (CK Intro - Clean)","/Users/rohan/Downloads/Music/Black Eyed Peas, Ozuna & J. Rey Soul - MAMACITA (CK Intro - Clean).mp3",Music,139.6748310810811,2380.9518191243446,0.26986557245254517,-151.4487762451172,130.5737762451172,-4.98479700088501,40.48347473144531,-3.8978419303894043,21.03647232055664,-3.889979600906372,9.959111213684082,-2.171833038330078,8.584395408630371,6.1571550369262695,11.38814926147461,6.67300271987915
Pitbull ft Kesha - TIMBER (Francesco Ken x Alessio Centra Remix),/Users/rohan/Downloads/Music/Pitbull ft Kesha - TIMBER (Francesco Ken x Alessio Centra Remix).wav,Music,126.04801829268293,3450.4469232790743,0.3185765743255615,-78.96772003173828,108.59930419921875,-27.27198600769043,48.50493240356445,-10.53145694732666,30.83404541015625,-2.764183282852173,12.015608787536621,-0.5026516318321228,8.008101463317871,1.57284414768219,2.8018038272857666,1.295392394065857
41-Kyle-Richh-Jenn-Carter-TaTa-Sexyy-Red-Bent-Remix-Intro-Dirty-124-8A,/Users/rohan/Downloads/Music/41-Kyle-Richh-Jenn-Carter-TaTa-Sexyy-Red-Bent-Remix-Intro-Dirty-124-8A.mp3,Music,123.046875,1934.2748668252186,0.4198594093322754,-110.6722412109375,157.87359619140625,-18.239269256591797,31.073020935058594,2.5628247261047363,18.61979103088379,-3.6102144718170166,12.809642791748047,3.184326171875,8.052470207214355,0.9196375608444214,10.982978820800781,0.5443426966667175
Jay-Z - Public Service Announcement (Interlude) (CK Intro - Clean),/Users/rohan/Downloads/Music/Jay-Z - Public Service Announcement (Interlude) (CK Intro - Clean).mp3,Music,89.10290948275862,2743.9608132863195,0.18847188353538513,-120.73546600341797,143.8006591796875,-59.87041473388672,18.312103271484375,8.651968955993652,-3.2839322090148926,-13.78654956817627,-4.12553596496582,4.0732741355896,0.09394057095050812,-9.506184577941895,1.4094860553741455,-5.232213497161865
JOHN LEGEND - ALL OF ME (PAULK 'O BRYANT REMIX),/Users/rohan/Downloads/Music/JOHN LEGEND - ALL OF ME (PAULK 'O BRYANT REMIX) .wav,Music,123.046875,3565.007859340014,0.2808457016944885,-83.27867126464844,115.80555725097656,-14.059866905212402,58.691322326660156,-22.084360122680664,32.626747131347656,-12.599949836730957,16.42483139038086,-9.593501091003418,7.778303146362305,-1.3715957403182983,6.50157356262207,2.0367701053619385
Soniye Ve (Kismat Konnection) - (Raag.Fm),/Users/rohan/Downloads/Music/Soniye Ve (Kismat Konnection) - (Raag.Fm).mp3,Music,95.703125,3025.689837280087,0.2652949392795563,-71.27213287353516,134.96408081054688,-31.895671844482422,33.84959030151367,-16.066144943237305,26.7686824798584,-14.465161323547363,17.600311279296875,-6.309268951416016,13.555020332336426,-3.4474775791168213,9.567611694335938,-1.3626890182495117
Drake - GIMME A HUG (DJ ROCCO & DJ EVER B Remix) (Dirty),/Users/rohan/Downloads/Music/Drake - GIMME A HUG (DJ ROCCO & DJ EVER B Remix) (Dirty).mp3,Music,143.5546875,4507.261264805325,0.35633066296577454,-47.3429069519043,80.99712371826172,-21.314748764038086,33.27785110473633,-20.10129165649414,27.00038719177246,0.36289161443710327,17.04303550720215,-1.266904354095459,7.200470447540283,-5.822861671447754,13.983607292175293,4.805781841278076
Too Short - Blow The Whistle (Intro) (Dirty),/Users/rohan/Downloads/Music/Too Short - Blow The Whistle (Intro) (Dirty).mp3,Music,99.38401442307692,3152.325289191708,0.3604428768157959,-79.30884552001953,117.32186126708984,-18.244997024536133,49.153480529785156,-6.983191967010498,39.56452560424805,-3.9985408782958984,15.692695617675781,2.136894464492798,14.88632869720459,1.938729166984558,12.534677505493164,3.5858864784240723
Whole Lotta Lovin (Instrumental),/Users/rohan/Downloads/Music/Whole Lotta Lovin (Instrumental).mp3,Music,119.68085106382979,2075.3300240763538,0.23714369535446167,-178.47030639648438,135.9114532470703,-1.7673120498657227,38.077205657958984,0.2390710413455963,25.47368812561035,3.735424757003784,5.963847637176514,3.741886854171753,15.640013694763184,4.0238237380981445,6.401052474975586,8.976164817810059
Ne-Yo-Miss-Independent-SMASHA-Edit-90-2A,/Users/rohan/Downloads/Music/Ne-Yo-Miss-Independent-SMASHA-Edit-90-2A.mp3,Music,120.18531976744185,3205.4734767139344,0.2993408739566803,-90.85673522949219,117.97654724121094,-7.650112628936768,52.930877685546875,-1.593971848487854,25.762203216552734,-12.831599235534668,14.14813232421875,-3.703742504119873,6.417181968688965,-3.279031991958618,4.52240514755249,-0.14557816088199615
Afrojack & Eva Simons vs Third Party - Take Over Control (Frank Williams 2024 Edit) Clean 5B 128,/Users/rohan/Downloads/Music/Afrojack & Eva Simons vs Third Party - Take Over Control (Frank Williams 2024 Edit) Clean 5B 128.mp3,Music,129.19921875,3552.611734028616,0.31689807772636414,-34.016300201416016,121.28954315185547,-22.968002319335938,44.400936126708984,-12.735511779785156,25.75089454650879,-12.099221229553223,21.701858520507812,-6.66323709487915,3.275209665298462,0.45187634229660034,6.901182651519775,-2.854710817337036
"Black Eyed Peas, Ozuna & J. Rey Soul - MAMACITA (CK Intro - Dirty)","/Users/rohan/Downloads/Music/Black Eyed Peas, Ozuna & J. Rey Soul - MAMACITA (CK Intro - Dirty).mp3",Music,139.6748310810811,2384.2980742565005,0.27551373839378357,-148.83961486816406,130.46995544433594,-4.858394145965576,40.52466583251953,-3.8359615802764893,20.984275817871094,-3.776406764984131,9.981891632080078,-2.0475049018859863,8.60680866241455,6.262448310852051,11.329851150512695,6.698009490966797
Kendrick Lamar & SZA - luther (Intro Dirty),/Users/rohan/Downloads/Music/Kendrick Lamar & SZA - luther (Intro Dirty).mp3,Music,139.6748310810811,2976.363124035428,0.2713470757007599,-138.43807983398438,126.14144897460938,25.19561004638672,37.00776672363281,-3.0696165561676025,25.434675216674805,-1.1141480207443237,17.5654354095459,-4.6201090812683105,4.952657222747803,0.35007914900779724,7.200459957122803,3.2179439067840576
El-Alfa-4K-QURE-Edit-Dirty-122-2A,/Users/rohan/Downloads/Music/El-Alfa-4K-QURE-Edit-Dirty-122-2A.mp3,Music,123.046875,2720.4946178670584,0.16226625442504883,-137.32797241210938,136.20484924316406,-61.953731536865234,6.892237186431885,-23.68842315673828,1.921696424484253,-14.881013870239258,6.638838768005371,-4.453794956207275,-5.3915114402771,-0.7184210419654846,-3.9072859287261963,-1.8762081861495972
Jay-Z - Public Service Announcement (Interlude) (CK Intro - Dirty),/Users/rohan/Downloads/Music/Jay-Z - Public Service Announcement (Interlude) (CK Intro - Dirty).mp3,Music,89.10290948275862,2775.3919305333347,0.19014352560043335,-119.141845703125,143.00839233398438,-60.00175476074219,18.928688049316406,8.474111557006836,-3.145552158355713,-13.574832916259766,-4.005423069000244,3.921057939529419,0.20128384232521057,-9.660027503967285,1.38724684715271,-5.242653846740723
Day-N-Nite-Sosa-2021-Edit-Intro,/Users/rohan/Downloads/Music/Day-N-Nite-Sosa-2021-Edit-Intro.mp3,Music,86.1328125,1753.8121270922836,0.35227128863334656,-163.1981201171875,155.21356201171875,23.59132957458496,35.08070373535156,8.562591552734375,31.66668128967285,-3.3301846981048584,10.47555160522461,-2.5250298976898193,0.43131381273269653,-1.7010010480880737,7.475378036499023,1.9732385873794556
Melii-feat.-A-Boogie-Wit-Da-Hoodie-HML-Intro-Dirty-100-12A,/Users/rohan/Downloads/Music/Melii-feat.-A-Boogie-Wit-Da-Hoodie-HML-Intro-Dirty-100-12A.mp3,Music,132.51201923076923,3163.9251081379525,0.3232957124710083,-92.78047943115234,122.47486877441406,4.061285495758057,38.0897331237793,-7.665843486785889,15.38693904876709,-13.839262962341309,9.042686462402344,-8.136571884155273,6.255157470703125,-9.981854438781738,3.6976306438446045,-1.9858424663543701
John-Summit-Hayla-Where-You-Are-Radio-Edit-126-8A,/Users/rohan/Downloads/Music/John-Summit-Hayla-Where-You-Are-Radio-Edit-126-8A.mp3,Music,126.04801829268293,3296.3239171578443,0.3523062467575073,-70.9619140625,123.7352066040039,-4.556913375854492,23.068090438842773,-18.247844696044922,32.50458908081055,-12.918258666992188,16.469701766967773,0.6968143582344055,9.920684814453125,3.6060831546783447,8.894944190979004,-2.1304869651794434
HUGEL-SOLTO-FR-Jamaican-Bam-Bam-ATCG-Edit-128-8A,/Users/rohan/Downloads/Music/HUGEL-SOLTO-FR-Jamaican-Bam-Bam-ATCG-Edit-128-8A.mp3,Music,129.19921875,3959.527675750822,0.3489583432674408,-74.42057800292969,91.70708465576172,-8.792850494384766,45.701602935791016,-1.2859429121017456,31.296302795410156,2.3926892280578613,21.408342361450195,3.7987048625946045,10.192724227905273,-0.4614151120185852,11.764566421508789,0.6478633284568787
Natasha Bedingfield - These Words (Sickmix Intro) (Clean) 97,/Users/rohan/Downloads/Music/Natasha Bedingfield - These Words (Sickmix Intro) (Clean) 97.mp3,Music,97.50884433962264,3733.1415185879673,0.20469337701797485,-108.54236602783203,112.47039794921875,-20.963661193847656,35.20519256591797,-15.55966854095459,28.02550506591797,-21.603622436523438,19.047212600708008,-10.05712890625,8.266982078552246,-6.646617412567139,4.507377624511719,-6.992051601409912
Drake - GIMME A HUG (DJ ROCCO & DJ EVER B Remix) (Clean),/Users/rohan/Downloads/Music/Drake - GIMME A HUG (DJ ROCCO & DJ EVER B Remix) (Clean).mp3,Music,143.5546875,4509.354187191033,0.3565221428871155,-47.002647399902344,80.94611358642578,-21.4261531829834,32.9947395324707,-20.050495147705078,26.841398239135742,0.45050767064094543,17.166345596313477,-1.0876585245132446,7.318974494934082,-5.621419429779053,14.147900581359863,4.805105686187744
HUGEL - WTF - Tujamo Remix (Dirty),/Users/rohan/Downloads/Music/HUGEL - WTF - Tujamo Remix (Dirty).mp3,Music,126.04801829268293,3682.553367362948,0.32429739832878113,-16.06976318359375,120.98563385009766,-23.70560646057129,45.84832000732422,-19.70096778869629,23.186975479125977,-13.300775527954102,14.901522636413574,-5.523047924041748,8.334310531616211,-5.200639724731445,9.822593688964844,-6.049910545349121
Shubh - Cheques (Intro),/Users/rohan/Downloads/Music/Shubh - Cheques (Intro).mp3,Music,90.66611842105263,2078.517154165974,0.22966685891151428,-167.16526794433594,158.9102325439453,-14.36005687713623,23.00145149230957,3.8994483947753906,17.797693252563477,-15.89870548248291,8.751700401306152,5.548606872558594,0.4501374065876007,2.0670676231384277,3.6436052322387695,-0.834293782711029
Keke Do You Love Me | Desi Dhol Mix | Drake | In My Feelings | Bhangra Song | Viral Song 2018,/Users/rohan/Downloads/Music/Keke Do You Love Me | Desi Dhol Mix | Drake | In My Feelings | Bhangra Song | Viral Song 2018.m4a,Music,105.46875,4001.0091759725374,0.2618951201438904,-50.360103607177734,121.53226470947266,-37.755828857421875,68.15887451171875,-26.859405517578125,36.5418701171875,-25.472970962524414,16.952709197998047,-6.6177544593811035,7.880258560180664,-4.442210674285889,0.9972632527351379,3.594529628753662
Too Short - Blow The Whistle (Intro) (Clean),/Users/rohan/Downloads/Music/Too Short - Blow The Whistle (Intro) (Clean).mp3,Music,99.38401442307692,3096.4787921842812,0.33038103580474854,-89.90874481201172,118.18748474121094,-17.605592727661133,47.97910690307617,-5.66291618347168,39.41682434082031,-3.37185001373291,15.329096794128418,2.3542428016662598,14.490875244140625,2.4691665172576904,12.311306953430176,3.531337022781372
Nelly - Ride Wit Me (Clean Intro),/Users/rohan/Downloads/Music/Nelly - Ride Wit Me (Clean Intro).mp3,Music,101.33272058823529,3203.3925775981156,0.1475304812192917,-160.9164581298828,111.3967056274414,-29.88504981994629,62.88097381591797,0.8113561868667603,27.76116943359375,-5.236041069030762,8.467594146728516,3.9597175121307373,3.696364641189575,-4.306146144866943,3.498483419418335,2.423877239227295
Justin-Bieber-YUKON-DJU-DJU-Remix-102-11A,/Users/rohan/Downloads/Music/Justin-Bieber-YUKON-DJU-DJU-Remix-102-11A.mp3,Music,101.33272058823529,2689.2704795458967,0.23278610408306122,-186.02154541015625,119.72000885009766,17.29720115661621,38.4218635559082,-2.9776313304901123,24.095426559448242,5.5181074142456055,6.509573459625244,-1.4838155508041382,1.9707767963409424,-4.427680015563965,1.4562742710113525,-0.01816381700336933
Hero (MetroMix),/Users/rohan/Downloads/Music/Hero (MetroMix).mp3,Music,129.19921875,3929.392663401762,0.29790031909942627,-28.943044662475586,111.87271118164062,-13.136348724365234,33.97906494140625,-0.9473807215690613,28.242694854736328,-7.276722431182861,14.850936889648438,-2.666473865509033,5.026457786560059,-7.002329349517822,6.088212013244629,-8.448455810546875
"The Chainsmokers, Jonita Gandhi, Guru Randhawa - Addicted (ਆਦੀ) feat Zerb, Ink","/Users/rohan/Downloads/Music/The Chainsmokers, Jonita Gandhi, Guru Randhawa - Addicted (ਆਦੀ) feat Zerb, Ink.mp3",Music,120.18531976744185,2798.8708088531534,0.3138177692890167,-89.29298400878906,131.9915313720703,-9.223297119140625,48.434906005859375,-6.638845920562744,29.888835906982422,-3.4085021018981934,15.970745086669922,0.5022518038749695,10.741081237792969,0.005520398262888193,10.996277809143066,-1.6121405363082886
Aaj Ki Raat - PagalHits,/Users/rohan/Downloads/Music/Aaj Ki Raat - PagalHits.mp3,Music,117.1875,2837.523927963408,0.3013384938240051,-83.88170623779297,150.8154296875,-19.003711700439453,45.60301971435547,-16.355501174926758,32.03152847290039,-18.51995277404785,19.18142318725586,-3.9172096252441406,6.602574825286865,-4.993832111358643,4.632602691650391,4.4344482421875
"Chani Nattan, Miss Pooja ft. Inderpal Moga - Case (DJcity Intro)","/Users/rohan/Downloads/Music/Chani Nattan, Miss Pooja ft. Inderpal Moga - Case (DJcity Intro).mp3",Music,90.66611842105263,3636.6547189535627,0.2610803246498108,-106.88883209228516,91.26167297363281,-44.52831268310547,7.061413288116455,-24.637371063232422,4.082657814025879,-25.459760665893555,10.007535934448242,-14.50739860534668,-3.0509419441223145,-3.6629269123077393,11.911287307739258,-6.414963245391846
Travis Scott - Highest In The Room (Falquiat Remix),/Users/rohan/Downloads/Music/Travis Scott - Highest In The Room (Falquiat Remix).mp3,Music,120.18531976744185,2981.6349648107343,0.33535757660865784,-102.27266693115234,122.00849151611328,2.6953699588775635,48.77186965942383,-13.677943229675293,25.555208206176758,-3.86098051071167,11.337960243225098,2.777780771255493,6.506584167480469,2.86902117729187,9.92015266418457,0.3016139268875122
Rihanna-Pour-It-Up-Kira-Edit-Clean-135-11A,/Users/rohan/Downloads/Music/Rihanna-Pour-It-Up-Kira-Edit-Clean-135-11A.mp3,Music,135.99917763157896,3154.596239875114,0.33447501063346863,-100.11939239501953,115.3385009765625,-9.497170448303223,58.00061798095703,-6.4990620613098145,29.692304611206055,-2.566237688064575,26.897207260131836,0.9303826689720154,8.707230567932129,15.409025192260742,4.4499382972717285,6.252225399017334
Kendrick Lamar - Not Like Us (CK Intro - Clean) 9A 101 (2),/Users/rohan/Downloads/Music/Kendrick Lamar - Not Like Us (CK Intro - Clean) 9A 101 (2).mp3,Music,100.44642857142857,2206.6829302612846,0.31748244166374207,-170.62733459472656,147.4191436767578,-10.228824615478516,46.998043060302734,-15.03203010559082,28.979633331298828,-4.417446136474609,5.845701694488525,5.347720623016357,-0.6703325510025024,5.1853837966918945,1.8882520198822021,11.347535133361816
Brent-Faiyaz-Tommy-Richman-FELIX-Upset-Intro-Clean-68-12A,/Users/rohan/Downloads/Music/Brent-Faiyaz-Tommy-Richman-FELIX-Upset-Intro-Clean-68-12A.mp3,Music,135.99917763157896,2479.357322167234,0.3099632263183594,-154.61074829101562,125.3289566040039,12.352554321289062,57.30949020385742,4.738060474395752,17.98243522644043,-5.402523517608643,4.4211344718933105,-1.9334920644760132,-7.737964630126953,1.3448609113693237,9.749703407287598,0.2952314019203186
Pump Up The Jam (Intro - Clean),/Users/rohan/Downloads/Music/Pump Up The Jam (Intro - Clean).mp3,Music,126.04801829268293,3314.5975911325145,0.22106985747814178,-108.77850341796875,125.90943908691406,-36.088871002197266,66.05685424804688,-12.73585033416748,37.616416931152344,-7.898516654968262,10.56871509552002,9.630159378051758,0.6921301484107971,1.4782613515853882,5.460381031036377,1.0774930715560913
Simen-Sez-Champagne-Navajo-114,/Users/rohan/Downloads/Music/Simen-Sez-Champagne-Navajo-114.mp3,Music,56.79086538461539,1953.149662359033,0.25621411204338074,-183.22816467285156,140.72618103027344,-0.4051521122455597,53.306732177734375,8.936025619506836,15.27200698852539,4.8285603523254395,7.82445764541626,-4.5282135009765625,0.48812469840049744,2.40317440032959,0.5848857164382935,4.278171539306641
Taylor Swift - Love Story (C-Mireles Disco Remix)1 126,/Users/rohan/Downloads/Music/Taylor Swift - Love Story (C-Mireles Disco Remix)1 126.mp3,Music,125.0,4389.9508855458,0.2873818278312683,-86.50341033935547,97.81498718261719,-17.574140548706055,66.30875396728516,-14.466097831726074,39.40998840332031,-10.752161026000977,25.304189682006836,1.474145770072937,6.113391876220703,6.008515357971191,11.684550285339355,-2.8010425567626953
Tegi Pannu - Schedule (Intro),/Users/rohan/Downloads/Music/Tegi Pannu - Schedule (Intro).mp3,Music,92.28515625,2709.751696555225,0.22172339260578156,-141.57406616210938,132.51693725585938,-10.913531303405762,17.19053840637207,-18.785457611083984,12.43845272064209,-13.450161933898926,1.4446184635162354,-10.997387886047363,0.4734562635421753,-10.93440055847168,-4.760849952697754,-6.758336544036865
Flo Milli  - Never Lose Me (Intro Dirty),/Users/rohan/Downloads/Music/Flo Milli  - Never Lose Me (Intro Dirty).mp3,Music,123.046875,3445.3628444500578,0.2885821461677551,-112.73524475097656,110.228271484375,2.789774179458618,48.690982818603516,-11.462218284606934,25.826135635375977,-9.277153968811035,20.41943359375,-6.784846305847168,11.17507553100586,2.7173140048980713,10.253384590148926,-2.445556879043579
The Weeknd - Give Me Mercy [Intro Clean],/Users/rohan/Downloads/Music/The Weeknd - Give Me Mercy [Intro Clean].mp3,Music,135.99917763157896,2803.944977237199,0.2733749449253082,-114.36979675292969,133.38177490234375,-9.437763214111328,51.2148323059082,-14.110725402832031,29.18244743347168,-9.678388595581055,11.548479080200195,-0.2591334581375122,4.992461204528809,-1.9374406337738037,5.707436561584473,2.2874865531921387
Chunari Chunari (00's mix) - 1B - 130,/Users/rohan/Downloads/Music/Chunari Chunari (00's mix) - 1B - 130.mp3,Music,129.19921875,2870.6615063637614,0.24036866426467896,-118.91815185546875,124.4838638305664,-52.42518997192383,67.1490707397461,-6.518721580505371,23.02706527709961,3.1069531440734863,17.52073097229004,3.308825731277466,10.46228313446045,12.126944541931152,3.9317002296447754,2.0891847610473633
Vybz Kartel - Fever - DJ Lub's Remix (Dirty),/Users/rohan/Downloads/Music/Vybz Kartel - Fever - DJ Lub's Remix (Dirty).mp3,Music,139.6748310810811,3317.682062722208,0.22524362802505493,-147.3284149169922,119.71304321289062,-11.813821792602539,15.123661041259766,-16.38622283935547,29.452123641967773,-13.744471549987793,14.206344604492188,-10.616103172302246,4.620704650878906,2.402308702468872,-5.652065277099609,-2.5763003826141357
Jay-Z & Kanye West - Niggas In Paris (CK Intro - Dirty),/Users/rohan/Downloads/Music/Jay-Z & Kanye West - Niggas In Paris (CK Intro - Dirty).mp3,Music,139.6748310810811,3135.5217684928957,0.25643178820610046,-106.94622802734375,125.49187469482422,-16.729738235473633,28.18621253967285,1.3257485628128052,23.71403694152832,-7.990455627441406,10.516789436340332,5.402260780334473,0.9908857345581055,-3.6262075901031494,4.253325462341309,-3.2210311889648438
Tesher - Mi Gente x Badtameez Dil,/Users/rohan/Downloads/Music/Tesher - Mi Gente x Badtameez Dil.mp3,Music,139.6748310810811,3549.041174579604,0.2057591676712036,-114.16602325439453,105.59782409667969,-35.14695739746094,40.434505462646484,-16.492582321166992,31.40127944946289,-18.896764755249023,9.361305236816406,-5.667233943939209,2.782451868057251,-8.371801376342773,2.266878604888916,2.7176854610443115
"PARTYNEXTDOOR, Drake - SOMEBODY LOVES ME (esentrik edit) (Dirty)","/Users/rohan/Downloads/Music/PARTYNEXTDOOR, Drake - SOMEBODY LOVES ME (esentrik edit) (Dirty).mp3",Music,92.21311475409836,3645.4952504519283,0.3759703040122986,-83.8731918334961,111.3731918334961,-16.409469604492188,48.88917541503906,-20.882360458374023,38.805667877197266,-12.020432472229004,12.310165405273438,8.618834495544434,9.777063369750977,-1.5036877393722534,7.250209808349609,3.74987530708313
IN PARIS (Jiinio Remix),/Users/rohan/Downloads/Music/IN PARIS (Jiinio Remix).mp3,Music,120.18531976744185,4233.344886732236,0.21140924096107483,-91.6368179321289,94.60005950927734,-34.26225662231445,35.003780364990234,-19.515710830688477,21.87327003479004,-19.315126419067383,7.713935375213623,-9.427860260009766,1.672529935836792,-9.544939041137695,-0.13077358901500702,-6.895391464233398
Karan Aujla & MXRCI - Winning Speech - DJ Nick Dhillon Desi Edit,/Users/rohan/Downloads/Music/Karan Aujla & MXRCI - Winning Speech - DJ Nick Dhillon Desi Edit.mp3,Music,92.28515625,3142.7631500494504,0.2557836174964905,-84.7295913696289,133.48304748535156,-31.292741775512695,43.756160736083984,-22.348920822143555,33.25403594970703,-15.81689453125,8.898885726928711,-1.2300976514816284,6.659040451049805,-1.9428941011428833,0.8557772040367126,8.676736831665039
Nicki-Minaj-FTCU-Booty-Patrol-Remix-Dirty-140-2A,/Users/rohan/Downloads/Music/Nicki-Minaj-FTCU-Booty-Patrol-Remix-Dirty-140-2A.mp3,Music,69.83741554054055,3047.5519899927535,0.21074192225933075,-162.03244018554688,115.19175720214844,-29.719762802124023,31.682048797607422,-1.7828127145767212,18.22039794921875,-3.3380367755889893,21.565216064453125,-0.3409653902053833,13.503591537475586,2.1385090351104736,3.725099563598633,0.9139105081558228
Waka Flocka Flame ft Wale & Roscoe Dash - No Hands (Club Killers Remix Epic In) Clean CK Cut 12A 140,/Users/rohan/Downloads/Music/Waka Flocka Flame ft Wale & Roscoe Dash - No Hands (Club Killers Remix Epic In) Clean CK Cut 12A 140.mp3,Music,139.6748310810811,2672.6700356034007,0.3309359550476074,-101.70744323730469,137.5318603515625,-22.2855167388916,58.47922134399414,-20.660144805908203,34.10451889038086,6.41768741607666,7.654441833496094,-0.08786487579345703,5.114311695098877,8.566953659057617,6.023160934448242,5.0404839515686035
Drake - Childs Play (Clean),/Users/rohan/Downloads/Music/Drake - Childs Play (Clean).mp3,Music,79.50721153846153,2724.109271968659,0.2230958789587021,-148.5621795654297,125.60443878173828,-28.175430297851562,41.49118423461914,-5.117809772491455,32.554481506347656,1.3474347591400146,6.188488483428955,9.876253128051758,11.69615650177002,2.079317808151245,7.798555374145508,9.29383373260498
Jack-Harlow-Lovin-On-Me-Hiram-Edit-Dirty-113-6A,/Users/rohan/Downloads/Music/Jack-Harlow-Lovin-On-Me-Hiram-Edit-Dirty-113-6A.mp3,Music,112.34714673913044,3186.5779494348117,0.31759288907051086,-83.9200210571289,121.82855987548828,-9.944328308105469,44.68702697753906,-7.949775218963623,38.49137878417969,-6.038549423217773,18.444171905517578,-3.86122465133667,5.853951930999756,-6.8334550857543945,3.902104616165161,-5.752470016479492
B.O.B. - Airplanes (Zero Tolerance Remix)[Clean],/Users/rohan/Downloads/Music/B.O.B. - Airplanes (Zero Tolerance Remix)[Clean].mp3,Music,132.51201923076923,2990.7228363714485,0.31714922189712524,-70.6650161743164,137.3513641357422,-30.226835250854492,38.603370666503906,-8.063445091247559,17.839107513427734,-7.33862829208374,2.112856864929199,-5.215496063232422,11.132991790771484,-0.8949198722839355,1.5571426153182983,-3.8573648929595947
Pakka-Local-MassTamilan.dev,/Users/rohan/Downloads/Music/Pakka-Local-MassTamilan.dev.mp3,Music,92.28515625,2650.41641992189,0.3186008930206299,-79.0702896118164,140.13792419433594,-14.846118927001953,25.67270851135254,-5.638782024383545,20.151931762695312,-10.233238220214844,15.277090072631836,-10.711502075195312,3.3091652393341064,1.3419214487075806,2.8806636333465576,-12.95369815826416
Karan Aujla Feat. Nora Fatehi - Aaye Haaye,/Users/rohan/Downloads/Music/Karan Aujla Feat. Nora Fatehi - Aaye Haaye.mp3,Music,105.46875,4107.240973853153,0.2763521671295166,-69.25646209716797,106.46183013916016,0.9063369035720825,30.88750457763672,-14.846014976501465,29.37538719177246,-20.354751586914062,6.429550647735596,-2.644911527633667,7.604568004608154,-9.401467323303223,7.195976734161377,-6.478576183319092
Neel S Chhabra - Ho Gaya Sharabi (Neel S Chhabra Revibe),/Users/rohan/Downloads/Music/Neel S Chhabra - Ho Gaya Sharabi (Neel S Chhabra Revibe).mp3,Music,156.60511363636363,2559.78930849451,0.2393282949924469,-185.38035583496094,113.7047348022461,-19.52979850769043,29.066431045532227,-7.2845377922058105,30.024221420288086,-1.0891952514648438,10.877229690551758,5.40628719329834,10.05812931060791,7.56200647354126,11.665452003479004,6.706886291503906
Akon  -  Don't Matter (Intro),/Users/rohan/Downloads/Music/Akon  -  Don't Matter (Intro).mp3,Music,126.04801829268293,4062.884556743756,0.21306194365024567,-130.67440795898438,93.7685775756836,3.786484718322754,35.82502365112305,-11.513300895690918,16.43303108215332,-9.63914966583252,14.804237365722656,-7.504260540008545,-4.068935394287109,0.8603218793869019,2.497631788253784,-7.271803379058838
08 Pehli Nazar (desiton),/Users/rohan/Downloads/Music/08 Pehli Nazar (desiton).mp3,Music,99.38401442307692,2977.9359876555404,0.2734246551990509,-100.41381072998047,125.47872924804688,-19.89838218688965,50.82252502441406,-7.743647575378418,21.303516387939453,-1.9638158082962036,16.179378509521484,2.8142595291137695,3.3004183769226074,5.526240348815918,10.00148868560791,0.611003577709198
TLC - No Scrubs (2),/Users/rohan/Downloads/Music/TLC - No Scrubs (2).mp3,Music,184.5703125,3944.043294509875,0.23971642553806305,-96.93873596191406,107.79249572753906,0.30771005153656006,44.220035552978516,-15.2708158493042,25.628803253173828,-10.661669731140137,20.71177101135254,-6.1795172691345215,9.66365909576416,3.199089527130127,14.017626762390137,-5.46883487701416
Daddy Yankee - Con Calma - Da Phonk Club Edit,/Users/rohan/Downloads/Music/Daddy Yankee - Con Calma - Da Phonk Club Edit.mp3,Music,139.6748310810811,3481.67417554902,0.32753661274909973,-72.4080810546875,114.98855590820312,-19.025022506713867,36.64742660522461,-12.837125778198242,28.229936599731445,-6.141086101531982,13.83146858215332,-5.002175331115723,6.621166229248047,-2.7722408771514893,8.981707572937012,1.8086251020431519
Kendrick Lamar Ft. Sza - Luther (Intro Clean) 138,/Users/rohan/Downloads/Music/Kendrick Lamar Ft. Sza - Luther (Intro Clean) 138.mp3,Music,139.6748310810811,3102.8849594941767,0.28887784481048584,-128.74131774902344,123.88005828857422,24.98286247253418,37.05175018310547,-3.158698320388794,25.59779930114746,-1.4002373218536377,17.961000442504883,-5.190764904022217,5.64239501953125,-0.3881264925003052,7.8828043937683105,2.345144748687744
Notorious B.I.G ft 112 - Sky's The Limit (Clean),/Users/rohan/Downloads/Music/Notorious B.I.G ft 112 - Sky's The Limit (Clean).mp3,Music,90.66611842105263,3684.596858279775,0.2176247537136078,-100.464599609375,112.0316390991211,-6.678654193878174,62.37300491333008,-10.053801536560059,39.01752471923828,-14.759224891662598,22.366199493408203,-11.305225372314453,10.418133735656738,-2.7408697605133057,6.2173237800598145,-3.1824285984039307
Billie Eilish - Ocean Eyes,/Users/rohan/Downloads/Music/Billie Eilish - Ocean Eyes.mp3,Music,97.50884433962264,1849.8603164482633,0.3773607909679413,-180.4857177734375,147.9580841064453,53.855552673339844,42.668033599853516,8.979424476623535,25.19144630432129,-13.301337242126465,25.325956344604492,-10.574950218200684,5.699530601501465,4.412378787994385,-0.15082618594169617,-3.5326573848724365
Martin Garrix - Animals (Intro Edit) (Clean) 127,/Users/rohan/Downloads/Music/Martin Garrix - Animals (Intro Edit) (Clean) 127.mp3,Music,129.19921875,2977.7524166946505,0.33628222346305847,-105.6507339477539,135.61480712890625,-20.705102920532227,34.59746170043945,-10.17362117767334,25.458446502685547,-2.4786641597747803,26.76048469543457,3.9978079795837402,20.634525299072266,-1.109504222869873,9.06015396118164,-2.736966133117676
JRK - Aaja Maria 98 8A,/Users/rohan/Downloads/Music/JRK - Aaja Maria 98 8A.mp3,Music,98.6842105263158,1884.7580537891367,0.24975711107254028,-181.86309814453125,150.28079223632812,-21.498525619506836,27.53365707397461,12.203219413757324,15.571084976196289,11.357751846313477,11.541372299194336,9.699193000793457,2.130977153778076,4.269112586975098,2.868825912475586,2.543933391571045
086. Brett Young - Lady,/Users/rohan/Downloads/Music/086. Brett Young - Lady.mp3,Music,84.72079918032787,1917.0363146829998,0.23459047079086304,-134.6007843017578,170.75125122070312,-16.948610305786133,26.66596794128418,12.509763717651367,25.699689865112305,-7.906618118286133,6.279263019561768,-0.9617052674293518,-0.7176428437232971,-1.7069401741027832,-0.24790216982364655,-2.9363763332366943
Kendrick Lamar & SZA - All The Stars (Intro - Clean),/Users/rohan/Downloads/Music/Kendrick Lamar & SZA - All The Stars (Intro - Clean).mp3,Music,97.50884433962264,1578.8266139798939,0.3307068645954132,-138.4641876220703,169.37086486816406,-8.809142112731934,38.37825393676758,15.685513496398926,24.200748443603516,6.085193634033203,3.3915517330169678,7.166038513183594,5.404953956604004,-1.1028112173080444,1.4785118103027344,1.480198621749878
Soulja-Boy-feat.-Sammie-Kiss-Me-Thru-The-Phone-Cody-Ko-Remix-135-2A,/Users/rohan/Downloads/Music/Soulja-Boy-feat.-Sammie-Kiss-Me-Thru-The-Phone-Cody-Ko-Remix-135-2A.mp3,Music,135.99917763157896,3199.1582981720003,0.22688014805316925,-94.45465850830078,134.14207458496094,-37.21107864379883,28.59790802001953,-24.15531349182129,18.875629425048828,-20.576683044433594,8.542061805725098,-13.954827308654785,2.8907856941223145,-4.57625675201416,1.978944182395935,-3.930941104888916
A Boogie With Da Hoodie - Jungle (Collini Electronic Pulse Redrum Edit) (Dirty) 6A 95,/Users/rohan/Downloads/Music/A Boogie With Da Hoodie - Jungle (Collini Electronic Pulse Redrum Edit) (Dirty) 6A 95.mp3,Music,95.703125,2950.1854335681937,0.2136671245098114,-143.5960235595703,130.5855712890625,-22.46510887145996,32.69966506958008,-12.2516450881958,10.974207878112793,-10.316937446594238,6.809855937957764,5.931877613067627,3.666505813598633,0.4150847792625427,2.9964802265167236,0.7951408624649048
P-Square - Personally (AZ DJ Melo Edit),/Users/rohan/Downloads/Music/P-Square - Personally (AZ DJ Melo Edit).mp3,Music,123.046875,3198.9037661427133,0.30869781970977783,-124.06201934814453,113.64241790771484,-14.027088165283203,44.32157516479492,-9.099395751953125,39.147769927978516,-6.6647820472717285,18.461368560791016,-6.6215033531188965,6.5701584815979,-2.907313346862793,5.150987148284912,-0.37761563062667847
Macklemore & Ryan Lewis ft. Ray Dalton - Can't Hold Us - Richastic Remix (Intro - Clean),/Users/rohan/Downloads/Music/Macklemore & Ryan Lewis ft. Ray Dalton - Can't Hold Us - Richastic Remix (Intro - Clean).mp3,Music,97.50884433962264,2897.9358296306173,0.38746488094329834,-57.75402069091797,137.6299285888672,-26.652158737182617,42.022552490234375,-12.071098327636719,24.519214630126953,-11.00172233581543,5.4041337966918945,-6.496981143951416,6.9922895431518555,-1.755157709121704,3.9539616107940674,4.18488883972168
Where Do You Go (Ocean Drive Mix - 127 BPM),/Users/rohan/Downloads/Music/Where Do You Go (Ocean Drive Mix - 127 BPM).mp3,Music,126.04801829268293,3386.0735340441106,0.11695557087659836,-173.69647216796875,109.94987487792969,-17.025375366210938,52.615299224853516,3.4732768535614014,17.29779624938965,3.6822330951690674,14.131587982177734,4.460858345031738,0.5502771139144897,-1.906050682067871,6.992920875549316,-1.0260887145996094
Lirico En La Casa - El Motorcito (Intro - Clean) 4A 118,/Users/rohan/Downloads/Music/Lirico En La Casa - El Motorcito (Intro - Clean) 4A 118.mp3,Music,117.45383522727273,3175.6046859776275,0.18346679210662842,-142.08770751953125,136.76828002929688,-0.10958115756511688,2.891968250274658,-9.608170509338379,29.49323272705078,-12.23694896697998,14.20898723602295,-3.4977264404296875,3.3296453952789307,-10.744342803955078,8.70254898071289,-2.6063573360443115
Rihanna - Dont Stop The Music (Afro-House) 123 Bpm 123,/Users/rohan/Downloads/Music/Rihanna - Dont Stop The Music (Afro-House) 123 Bpm 123.mp3,Music,123.046875,3388.3137510596557,0.3332691788673401,-117.750244140625,100.53140258789062,3.0844476222991943,45.26290512084961,-5.016378402709961,28.11724853515625,-3.1052374839782715,17.040876388549805,-5.646974086761475,12.42721939086914,0.8303629159927368,13.532179832458496,-0.09119724482297897
Beyoncé - Crazy In Love (Steve D Redrum)[CLEAN],/Users/rohan/Downloads/Music/Beyoncé - Crazy In Love (Steve D Redrum)[CLEAN].mp3,Music,99.38401442307692,3419.0792322834136,0.26969626545906067,-82.36204528808594,111.34822845458984,-39.01373291015625,54.52401351928711,-6.226654052734375,30.276187896728516,-6.586721897125244,21.921796798706055,-0.9216242432594299,9.317231178283691,5.812081336975098,7.32875394821167,6.031641006469727
Tyla - Water (CK Intro - Clean) 3A 117,/Users/rohan/Downloads/Music/Tyla - Water (CK Intro - Clean) 3A 117.mp3,Music,117.45383522727273,2791.6169614329283,0.36017897725105286,-97.13338470458984,127.45783996582031,-5.748589038848877,49.42152786254883,-14.254737854003906,27.86056900024414,-13.161520004272461,17.467954635620117,-2.499316692352295,0.2864338755607605,9.231558799743652,3.450155735015869,-3.76562762260437
Don-Toliver-FWU-RED-SIP-Remix-Dirty-132-5A,/Users/rohan/Downloads/Music/Don-Toliver-FWU-RED-SIP-Remix-Dirty-132-5A.mp3,Music,132.51201923076923,4170.294292881604,0.33826780319213867,-82.1670150756836,86.63282012939453,-2.2367680072784424,33.12028503417969,-3.188707113265991,26.982681274414062,1.057805061340332,19.727624893188477,7.397821426391602,14.402563095092773,6.4237799644470215,10.089227676391602,6.986114025115967
Drake & Central Cee - Which One - Trayze Remix (Clean),/Users/rohan/Downloads/Music/Drake & Central Cee - Which One - Trayze Remix (Clean).mp3,Music,132.51201923076923,2556.141619417215,0.4165985882282257,-100.23213958740234,133.58753967285156,-15.633564949035645,48.95604705810547,-3.741071939468384,17.661540985107422,-1.8154067993164062,10.828393936157227,3.132483720779419,4.725729465484619,-0.6745738983154297,5.640861511230469,2.657120943069458
Drake - Virginia Beach (Intro Dirty),/Users/rohan/Downloads/Music/Drake - Virginia Beach (Intro Dirty).mp3,Music,120.18531976744185,3090.014230343503,0.33843979239463806,-111.97235107421875,122.2331314086914,-0.7271410822868347,53.90589904785156,-17.105167388916016,24.407365798950195,-12.541214942932129,6.004245758056641,2.8700952529907227,4.97137975692749,-6.4739155769348145,2.161912202835083,-1.1238958835601807
"Bruno Mars & Sexyy Red - Fat, Juicy, & Wet (DJ ROCCO & DJ EVER B R&B Remix) (Clean)","/Users/rohan/Downloads/Music/Bruno Mars & Sexyy Red - Fat, Juicy, & Wet (DJ ROCCO & DJ EVER B R&B Remix) (Clean).mp3",Music,103.359375,2421.4319316435494,0.3970491290092468,-69.0221176147461,148.40782165527344,-15.10593318939209,45.79191207885742,-19.394800186157227,15.682185173034668,-7.558278560638428,5.203850746154785,-11.948671340942383,-1.6637825965881348,-7.250777244567871,-5.297268867492676,-0.9027894139289856
Moliy & Silent Addy ft. Skillibeng & Shenseea - Shake It To The Max (FLY) - MarkCutz Miami Bass Remix (Intro - Clean),/Users/rohan/Downloads/Music/Moliy & Silent Addy ft. Skillibeng & Shenseea - Shake It To The Max (FLY) - MarkCutz Miami Bass Remix (Intro - Clean).mp3,Music,120.18531976744185,3151.547314657777,0.3138217031955719,-71.24478149414062,126.61840057373047,-49.16843795776367,30.049909591674805,-8.876605033874512,13.480437278747559,-11.915318489074707,-2.13344669342041,-5.196553707122803,6.182567596435547,-1.1183093786239624,6.727392196655273,-1.808254361152649
Bryson Tiller Don´t (FNKY Remix),/Users/rohan/Downloads/Music/Bryson Tiller Don´t (FNKY Remix).mp3,Music,101.33272058823529,3914.5093149382005,0.1737254559993744,-157.14381408691406,86.84799194335938,-16.50547218322754,49.8873176574707,-12.569629669189453,27.109912872314453,-11.904584884643555,4.6045660972595215,2.3926570415496826,-2.305652379989624,-3.283616542816162,6.742168426513672,-1.874908208847046
Calvin Harris - Summer (Starjack Epic Redrum)[Clean],/Users/rohan/Downloads/Music/Calvin Harris - Summer (Starjack Epic Redrum)[Clean].mp3,Music,129.19921875,3397.4646371187105,0.31617432832717896,-22.581857681274414,127.00057220458984,-30.40714454650879,35.98618698120117,-14.933387756347656,18.79567527770996,-8.484786987304688,9.783401489257812,-7.435901165008545,4.8889875411987305,-6.937406063079834,5.4763922691345215,-7.082123279571533
Destiny&#039;s Child - Say My Name (2),/Users/rohan/Downloads/Music/Destiny&#039;s Child - Say My Name (2).mp3,Music,68.90625,4375.669283848364,0.24220478534698486,-67.3729476928711,96.01097869873047,-16.435232162475586,49.46003341674805,0.33411288261413574,29.139833450317383,-23.99296760559082,16.680328369140625,-10.334696769714355,4.878142833709717,-0.986088216304779,3.0466835498809814,-8.26382827758789
Roshan Prince - Look - Deejay JSG Remix,/Users/rohan/Downloads/Music/Roshan Prince - Look - Deejay JSG Remix.mp3,Music,95.703125,3648.0229471723833,0.2835972011089325,-52.74257278442383,110.60482788085938,-28.83919906616211,44.53152084350586,-13.575277328491211,30.874238967895508,-7.565494537353516,16.448617935180664,-3.4082272052764893,14.18697738647461,1.963228702545166,13.569744110107422,2.219696521759033
Suave - El Alfa - LeXeDIT - Dembow Horn Intro - Outro - 120 Bpm,/Users/rohan/Downloads/Music/Suave - El Alfa - LeXeDIT - Dembow Horn Intro - Outro - 120 Bpm.mp3,Music,120.18531976744185,2328.205610309999,0.3537105619907379,-138.39024353027344,141.6956787109375,-1.8033682107925415,37.186012268066406,-17.299884796142578,19.777984619140625,-15.415178298950195,16.493444442749023,-1.6013929843902588,8.7149019241333,4.307717800140381,3.2247681617736816,6.368351459503174
Bryson Tiller - Whatever She Wants (Dirty),/Users/rohan/Downloads/Music/Bryson Tiller - Whatever She Wants (Dirty).mp3,Music,95.703125,3499.1086596960927,0.2879464328289032,-136.29205322265625,108.91986846923828,-7.940649032592773,21.596120834350586,-6.637253284454346,19.37592124938965,-25.088987350463867,6.991049289703369,-3.582035779953003,-3.4584102630615234,-6.642822265625,10.789114952087402,-9.818699836730957
Baby Bash - Suga Suga (Clean Intro) 83,/Users/rohan/Downloads/Music/Baby Bash - Suga Suga (Clean Intro) 83.mp3,Music,82.03125,2401.5398206172567,0.2562907934188843,-118.77496337890625,152.44354248046875,-3.537113904953003,43.20744323730469,-12.033513069152832,16.287843704223633,-15.022703170776367,0.5667210817337036,-3.391307830810547,-0.5100859999656677,-9.304059028625488,-5.742920398712158,-6.3598527908325195
Rufus-Du-Sol-Innerbloom-Franz-Ragga-2021-Mix-127-6A,/Users/rohan/Downloads/Music/Rufus-Du-Sol-Innerbloom-Franz-Ragga-2021-Mix-127-6A.mp3,Music,126.04801829268293,3091.9894745857714,0.27536633610725403,-99.82918548583984,123.11481475830078,-11.547162055969238,46.625152587890625,-1.2392668724060059,28.371259689331055,-2.1874868869781494,16.311046600341797,0.20389679074287415,6.1675615310668945,-4.013226509094238,3.573326826095581,-1.3390871286392212
Don Toliver & Speedy – LV Bag (DJ ROCCO & DJ EVER B Remix) (Dirty),/Users/rohan/Downloads/Music/Don Toliver & Speedy – LV Bag (DJ ROCCO & DJ EVER B Remix) (Dirty).mp3,Music,161.4990234375,2829.28053411651,0.39160287380218506,-73.19019317626953,125.1092300415039,-31.561399459838867,40.417938232421875,10.406587600708008,28.322132110595703,2.4990956783294678,12.915586471557617,-0.6433838605880737,8.800615310668945,7.0847039222717285,16.108646392822266,4.91416597366333
54- Axwell __ Ingrosso - More Than You Know,/Users/rohan/Downloads/Music/54- Axwell __ Ingrosso - More Than You Know.mp3,Music,123.046875,3862.2292496036303,0.28578314185142517,-50.62353515625,111.51114654541016,-24.3847599029541,20.326475143432617,-6.3741865158081055,27.0023193359375,-3.71516489982605,7.123907089233398,-9.277294158935547,6.24833345413208,-2.45137619972229,6.696589946746826,-2.184858560562134
Future Ft. Drake - Where Ya At (Dirty Intro) 108,/Users/rohan/Downloads/Music/Future Ft. Drake - Where Ya At (Dirty Intro) 108.mp3,Music,161.4990234375,2328.5083063522898,0.37514781951904297,-138.33602905273438,131.48867797851562,6.015573024749756,49.667667388916016,1.7026150226593018,39.174285888671875,-9.550806045532227,16.714874267578125,0.38152623176574707,0.17182818055152893,1.3034664392471313,8.918076515197754,4.6762590408325195
Central Cee feat. Lil Durk - Truth in the Lies (DJ ROCCO & DJ EVER B Remix) (Clean),/Users/rohan/Downloads/Music/Central Cee feat. Lil Durk - Truth in the Lies (DJ ROCCO & DJ EVER B Remix) (Clean).mp3,Music,126.04801829268293,4145.069295638195,0.3091374933719635,-67.62530517578125,97.87390899658203,2.055591106414795,46.717735290527344,-6.6953606605529785,47.451229095458984,-5.89964485168457,23.73871421813965,0.16776901483535767,8.586099624633789,-2.139308452606201,9.221142768859863,0.7638127207756042
Baby (NOAYDI Afro House Remix) Extended,/Users/rohan/Downloads/Music/Baby (NOAYDI Afro House Remix) Extended.wav,Music,123.046875,2791.806923468782,0.3738541305065155,-82.81726837158203,132.825927734375,-19.57962417602539,36.9118766784668,-10.53557014465332,26.41703987121582,-5.808951377868652,18.719457626342773,-0.93317049741745,9.864143371582031,7.627894878387451,6.298683166503906,6.329513072967529
Radha (Student Of The Year) - (Raag.Fm),/Users/rohan/Downloads/Music/Radha (Student Of The Year) - (Raag.Fm).mp3,Music,132.51201923076923,2592.458338403646,0.08074425905942917,-214.0028076171875,145.39881896972656,-26.925304412841797,40.78697204589844,-10.666304588317871,29.733057022094727,-10.428178787231445,17.795610427856445,-3.335690975189209,6.043402194976807,2.0079286098480225,8.031798362731934,1.7147479057312012
"Bran, Afronom, Mannymore - Lugar Favorito 120","/Users/rohan/Downloads/Music/Bran, Afronom, Mannymore - Lugar Favorito 120.mp3",Music,120.18531976744185,2411.324843560858,0.19303469359874725,-171.89964294433594,151.5138397216797,26.99045181274414,34.09144973754883,-11.269377708435059,15.673399925231934,0.150338277220726,15.027668952941895,-8.342809677124023,8.418309211730957,1.2827523946762085,3.8055005073547363,-3.7348387241363525
Pitbull - Guantanamera (She's Hot) - Alex Selas Alors On Danse Remix,/Users/rohan/Downloads/Music/Pitbull - Guantanamera (She's Hot) - Alex Selas Alors On Danse Remix.mp3,Music,129.19921875,2950.329732185062,0.25559884309768677,-124.24869537353516,124.6784896850586,-11.260109901428223,43.61985397338867,-10.791742324829102,30.068023681640625,-2.4801809787750244,14.47461986541748,-0.37677088379859924,5.702403545379639,-0.14279212057590485,2.516435384750366,0.9960342049598694
Avish Jain performance music,/Users/rohan/Downloads/Music/Avish Jain performance music.mp3,Music,93.96306818181819,1259.083863211617,0.17209041118621826,-205.76893615722656,186.65545654296875,-7.701442241668701,26.70984649658203,20.4158878326416,18.81153678894043,2.1927871704101562,12.565985679626465,0.5290753841400146,3.6397693157196045,4.463352680206299,-1.404266595840454,3.5799167156219482
Tory Lanez & Ozuna - Pa Mi [Intro - Clean],/Users/rohan/Downloads/Music/Tory Lanez & Ozuna - Pa Mi [Intro - Clean].mp3,Music,132.51201923076923,3819.3437889679826,0.22613435983657837,-126.16067504882812,102.90279388427734,-7.715986728668213,24.10375213623047,-24.38260269165039,15.750813484191895,-17.515960693359375,4.804233074188232,-10.225400924682617,-1.1717435121536255,-5.011510372161865,1.667813777923584,-3.3876492977142334
Right Now (FaceTyme Remix) 132 Ebm (1),/Users/rohan/Downloads/Music/Right Now (FaceTyme Remix) 132 Ebm (1).mp3,Music,132.51201923076923,3133.296360723343,0.29920870065689087,-96.87976837158203,118.22675323486328,-25.063323974609375,41.04592514038086,-10.248204231262207,19.29969596862793,-9.077339172363281,14.792793273925781,1.3691197633743286,0.4664200246334076,5.959582805633545,5.742157459259033,1.9408531188964844
The Weeknd - The Hills - Diego Druck Remix (Dirty),/Users/rohan/Downloads/Music/The Weeknd - The Hills - Diego Druck Remix (Dirty).mp3,Music,120.18531976744185,2362.454958501921,0.19843915104866028,-118.9177017211914,160.23095703125,-26.584882736206055,17.93758773803711,-18.749784469604492,5.648545742034912,-13.231103897094727,-3.6191904544830322,-6.9571099281311035,-14.627593994140625,-14.59432315826416,-9.695124626159668,-5.811966896057129
London Thumakda x Can't Hold Us v5,/Users/rohan/Downloads/Music/London Thumakda x Can't Hold Us v5.mp3,Music,144.23076923076923,2945.0872887012592,0.2669351100921631,-81.68511962890625,144.4833526611328,-40.051490783691406,40.43744659423828,-10.328604698181152,24.538537979125977,-15.304422378540039,2.4815261363983154,-0.5503617525100708,-1.198693871498108,-4.800037860870361,2.1753733158111572,2.7944579124450684
Central Cee feat. Lil Durk - Truth in the Lies (DJ ROCCO & DJ EVER B Remix) (Dirty),/Users/rohan/Downloads/Music/Central Cee feat. Lil Durk - Truth in the Lies (DJ ROCCO & DJ EVER B Remix) (Dirty).mp3,Music,126.04801829268293,4142.942830350686,0.30954569578170776,-67.69104766845703,97.93151092529297,2.0677804946899414,46.73994827270508,-6.8810014724731445,47.34873962402344,-5.913565158843994,23.838035583496094,0.1506662219762802,8.646430015563965,-2.181119441986084,9.178889274597168,0.8385663628578186
HUGEL-Nicone-Sascha-Braemer-Tony-Romera-feat.-Mydoz-Caje-124-4A,/Users/rohan/Downloads/Music/HUGEL-Nicone-Sascha-Braemer-Tony-Romera-feat.-Mydoz-Caje-124-4A.mp3,Music,123.046875,4627.705442608336,0.1811213493347168,-96.8454818725586,96.63555908203125,3.945495367050171,17.794649124145508,-10.825895309448242,10.645448684692383,-18.032196044921875,1.365511178970337,-21.231321334838867,4.847046375274658,-15.121651649475098,2.275256872177124,-14.519455909729004
Disco-Lines-Tinashe-No-Broke-Boys-Clean-131-1A,/Users/rohan/Downloads/Music/Disco-Lines-Tinashe-No-Broke-Boys-Clean-131-1A.mp3,Music,132.51201923076923,2627.9035265356288,0.24114549160003662,-114.06997680664062,141.76336669921875,-18.145465850830078,30.70088768005371,-9.303814888000488,5.965594291687012,-6.08536434173584,6.395776748657227,-7.571500778198242,0.9664701819419861,-1.9359062910079956,0.8935033082962036,-5.135006904602051
Timbaland - The Way I Are (Higher Lane & HLX Afro Remix),/Users/rohan/Downloads/Music/Timbaland - The Way I Are (Higher Lane & HLX Afro Remix).wav,Music,120.18531976744185,2700.1878576461245,0.2119937539100647,-124.48014068603516,136.491455078125,-28.688079833984375,48.97822570800781,-0.9260751008987427,25.284929275512695,0.7144762873649597,4.9743146896362305,12.61650562286377,1.7317665815353394,11.059557914733887,1.8313705921173096,5.281442165374756
Rebecca - Ryan Castro - Dj Wilmer Duran - Reggaeton Intro Break & Outro - 95bpm,/Users/rohan/Downloads/Music/Rebecca - Ryan Castro - Dj Wilmer Duran - Reggaeton Intro Break & Outro - 95bpm.mp3,Music,126.04801829268293,2983.767161622549,0.297313392162323,-69.26359558105469,132.90623474121094,-32.985862731933594,36.33789825439453,-7.202793121337891,20.907201766967773,-9.389625549316406,11.088055610656738,0.029660724103450775,7.947868824005127,-2.6438424587249756,10.033306121826172,4.7657036781311035
ASAP Ferg - Plain Jane (CK Intro - Clean) 2A 85,/Users/rohan/Downloads/Music/ASAP Ferg - Plain Jane (CK Intro - Clean) 2A 85.mp3,Music,170.45454545454547,2358.5518406620336,0.37346482276916504,-101.41163635253906,151.07040405273438,-26.095632553100586,46.697757720947266,-5.957993030548096,18.861894607543945,-1.1327718496322632,10.919360160827637,5.044888496398926,14.522567749023438,10.4534273147583,10.831576347351074,11.027886390686035
Na Na Na Re full song,/Users/rohan/Downloads/Music/Na Na Na Re full song.mp3,Music,143.5546875,4368.877977490539,0.13403795659542084,-125.4542236328125,102.8670883178711,-49.43010330200195,56.65430450439453,-23.931241989135742,44.84633255004883,-21.789447784423828,29.975631713867188,-8.496113777160645,12.801796913146973,-3.181826114654541,7.740951061248779,7.718329906463623
Shake it to 'O Sajna' (Intro - Clean),/Users/rohan/Downloads/Music/Shake it to 'O Sajna' (Intro - Clean).mp3,Music,132.51201923076923,3129.2973256831415,0.24437813460826874,-140.27369689941406,132.81912231445312,-6.64398193359375,33.463592529296875,-15.173577308654785,22.99506187438965,-15.959238052368164,10.137323379516602,-6.627912521362305,0.42114201188087463,-5.033205986022949,2.1091198921203613,-5.1762375831604
FISHER & Jennifer Lopez - Waiting For Tonight - Mark Anthony Show Me Love Edit,/Users/rohan/Downloads/Music/FISHER & Jennifer Lopez - Waiting For Tonight - Mark Anthony Show Me Love Edit.mp3,Music,126.04801829268293,3230.1769822205206,0.25447624921798706,-113.84809112548828,116.30496215820312,-18.252134323120117,55.0411262512207,-2.797795295715332,32.158321380615234,-4.762547969818115,25.117555618286133,-0.2237514853477478,3.6506078243255615,5.304609298706055,3.2756807804107666,2.551643133163452
133. The Black Eyed Peas - I Gotta Feeling (Intro - Clean) Ck Cut,/Users/rohan/Downloads/Music/133. The Black Eyed Peas - I Gotta Feeling (Intro - Clean) Ck Cut.mp3,Music,129.19921875,2869.1715836443914,0.2753123342990875,-93.47550964355469,133.81484985351562,-28.264535903930664,38.300907135009766,-6.351334095001221,31.243003845214844,-5.9748005867004395,12.77365493774414,0.17055253684520721,13.156306266784668,3.55552077293396,11.394810676574707,-0.3562188446521759
Cymatics - White Noise Uplifter 9,/Users/rohan/Downloads/Music/Cymatics - White Noise Uplifter 9.wav,Music,126.04801829268293,8637.279286919094,0.013449866324663162,-465.9864501953125,-56.78293228149414,-74.62435913085938,-37.96144485473633,-26.633609771728516,-17.20015525817871,-21.854745864868164,-16.159442901611328,-15.289915084838867,-9.85368824005127,-10.77652645111084,-7.717833995819092,-8.505208015441895
Siangyoo (Snooze),/Users/rohan/Downloads/Music/Siangyoo (Snooze).mp3,Music,139.6748310810811,2944.395746557573,0.24996916949748993,-116.63827514648438,128.55270385742188,-16.78723907470703,51.85407638549805,-17.653671264648438,31.056344985961914,-8.453804969787598,20.02922821044922,-5.6346755027771,0.5744773745536804,0.10925579071044922,2.298283576965332,-0.7973203659057617
Kanye West - Cant Tell Me Nothing (Intro - Clean),/Users/rohan/Downloads/Music/Kanye West - Cant Tell Me Nothing (Intro - Clean).mp3,Music,79.50721153846153,2607.060626283193,0.26055049896240234,-106.39478302001953,136.1764373779297,-24.93687629699707,52.81602478027344,-1.8725227117538452,24.504980087280273,-4.231232166290283,14.839983940124512,5.47206449508667,6.256838321685791,6.45123815536499,11.35327434539795,4.70426082611084
Travis Scott - Antidote (CK Intro - Dirty) 2A 65,/Users/rohan/Downloads/Music/Travis Scott - Antidote (CK Intro - Dirty) 2A 65.mp3,Music,132.51201923076923,2403.2757369596675,0.2914932668209076,-126.19098663330078,141.7829132080078,-23.68258285522461,19.56377601623535,-24.884233474731445,19.371570587158203,-7.1004791259765625,4.551846981048584,-0.5599901676177979,7.365424633026123,-1.381696105003357,9.427960395812988,5.496739387512207
Drake - What Did I Miss (CK Intro - Clean) 7A 64,/Users/rohan/Downloads/Music/Drake - What Did I Miss (CK Intro - Clean) 7A 64.mp3,Music,126.04801829268293,3793.1949529568674,0.30830278992652893,-63.59546661376953,121.02180480957031,-10.386378288269043,48.855037689208984,-27.228628158569336,29.43502426147461,-14.80156135559082,8.785879135131836,-8.877205848693848,5.265387535095215,-6.97758150100708,3.4210288524627686,1.3933913707733154
Killer Mike - HUMBLE ME (CK Intro - Clean) 4A 69,/Users/rohan/Downloads/Music/Killer Mike - HUMBLE ME (CK Intro - Clean) 4A 69.mp3,Music,137.1951219512195,2706.489302303098,0.3270900845527649,-83.05216979980469,146.46202087402344,-48.78581619262695,51.03319549560547,-8.931241035461426,30.083372116088867,1.017041563987732,2.1197705268859863,7.113356113433838,7.635191440582275,5.684576034545898,-4.951279163360596,8.917551040649414
"HUGEL, Lirico En La Casa & Merk & Kremont - Marianela (Qué Pasa)","/Users/rohan/Downloads/Music/HUGEL, Lirico En La Casa & Merk & Kremont - Marianela (Qué Pasa).mp3",Music,123.046875,3618.188272857313,0.21747657656669617,-85.0653076171875,124.22972869873047,-40.10844421386719,34.40810775756836,-24.23451805114746,31.514911651611328,-18.85557746887207,12.264802932739258,-9.027685165405273,1.9455899000167847,-7.857662200927734,5.011876583099365,-10.070576667785645
Make My Love Go (Maluma Remix),/Users/rohan/Downloads/Music/Make My Love Go (Maluma Remix).mp3,Music,106.13207547169812,3411.3685069179387,0.24226562678813934,-127.25033569335938,113.38856506347656,-14.578158378601074,55.487403869628906,-5.028074741363525,36.032188415527344,-8.284381866455078,9.966876983642578,-3.8055949211120605,7.47078275680542,0.8795442581176758,5.343266010284424,4.237934112548828
The Weeknd Ft Future Low Life Redrum Dirty,/Users/rohan/Downloads/Music/The Weeknd Ft Future Low Life Redrum Dirty.mp3,Music,95.703125,3709.9967391111227,0.20156876742839813,-133.2343292236328,117.08257293701172,-6.31951379776001,23.023086547851562,-26.99681854248047,10.384133338928223,-28.008041381835938,16.578638076782227,-6.15493106842041,-1.5439956188201904,-12.7080078125,7.674428462982178,-2.8397066593170166
Justin-Bieber-DAISIES-MOOSE-Edit-105-4A,/Users/rohan/Downloads/Music/Justin-Bieber-DAISIES-MOOSE-Edit-105-4A.mp3,Music,105.46875,2143.7365646327507,0.24118797481060028,-169.79869079589844,153.11865234375,-22.592247009277344,20.10593605041504,-14.689719200134277,21.276702880859375,-10.433341979980469,-2.721844434738159,6.318772315979004,-4.956396102905273,-0.12028848379850388,1.9638584852218628,-0.8083134889602661
Kendrick Lamar & SZA - All The Stars (Intro - Dirty),/Users/rohan/Downloads/Music/Kendrick Lamar & SZA - All The Stars (Intro - Dirty).mp3,Music,97.50884433962264,1631.1993358576708,0.3192519545555115,-138.7013397216797,167.3468475341797,-9.278376579284668,38.055458068847656,15.264028549194336,24.372373580932617,5.690270900726318,3.5915732383728027,7.535736560821533,5.4288506507873535,-1.417842149734497,1.6095435619354248,1.8900456428527832
Eo0 - Brian Matrix Remix (Clean),/Users/rohan/Downloads/Music/Eo0 - Brian Matrix Remix (Clean).mp3,Music,126.04801829268293,2809.3851956651774,0.2237493097782135,-116.18545532226562,159.55889892578125,-52.09086990356445,43.51926040649414,-17.177812576293945,4.4151434898376465,-15.277361869812012,3.761190414428711,-9.266664505004883,0.880966305732727,-5.46585750579834,1.1107590198516846,2.174943685531616
Empire Of The Sun - Walking On A Dream - BLOND_ISH Remix (Intro - Clean),/Users/rohan/Downloads/Music/Empire Of The Sun - Walking On A Dream - BLOND_ISH Remix (Intro - Clean).mp3,Music,126.04801829268293,3760.5231958981058,0.3433558940887451,-74.10431671142578,107.40714263916016,-1.2726798057556152,46.32356262207031,-7.2245707511901855,36.439945220947266,0.619467556476593,19.1282901763916,-5.655036926269531,13.074996948242188,-1.3834410905838013,12.171392440795898,-1.7697536945343018
Macklemore & Ryan Lewis ft. Ray Dalton - Can't Hold Us - Richastic Remix (Intro - Dirty),/Users/rohan/Downloads/Music/Macklemore & Ryan Lewis ft. Ray Dalton - Can't Hold Us - Richastic Remix (Intro - Dirty).mp3,Music,97.50884433962264,2897.9358296306173,0.38746488094329834,-57.75402069091797,137.6299285888672,-26.652158737182617,42.022552490234375,-12.071098327636719,24.519214630126953,-11.00172233581543,5.4041337966918945,-6.496981143951416,6.9922895431518555,-1.755157709121704,3.9539616107940674,4.18488883972168
Beyonce X Twista - Cuff It Wetter (Esentrik) FaceTyme UKG Flip - INTRO DIRTY 132,/Users/rohan/Downloads/Music/Beyonce X Twista - Cuff It Wetter (Esentrik) FaceTyme UKG Flip - INTRO DIRTY 132.mp3,Music,66.25600961538461,3892.1241098303353,0.31610557436943054,-96.06149291992188,102.8472900390625,10.098291397094727,30.065208435058594,-1.617843747138977,23.369272232055664,-6.090400218963623,15.9502592086792,-10.889628410339355,6.1506242752075195,3.787513017654419,4.742629528045654,-3.506578207015991
Drake & Central Cee - Which One - Trayze Remix (Dirty),/Users/rohan/Downloads/Music/Drake & Central Cee - Which One - Trayze Remix (Dirty).mp3,Music,132.51201923076923,2604.9619906983603,0.4170208275318146,-97.11786651611328,132.6415252685547,-16.99471092224121,49.53202438354492,-4.221961975097656,17.9537410736084,-1.967638373374939,10.68175983428955,2.6404378414154053,4.722548007965088,-0.5176512598991394,5.858987331390381,2.5430307388305664
Drake - Virginia Beach (Intro Clean),/Users/rohan/Downloads/Music/Drake - Virginia Beach (Intro Clean).mp3,Music,120.18531976744185,3071.2655448316664,0.33745282888412476,-113.23625946044922,122.75812530517578,-0.30820202827453613,53.61262893676758,-17.15627670288086,24.37316131591797,-12.453826904296875,6.038212299346924,2.748537540435791,4.98061990737915,-6.43422794342041,2.136040449142456,-1.0494495630264282
"Bruno Mars & Sexyy Red - Fat, Juicy, & Wet (DJ ROCCO & DJ EVER B R&B Remix) (Dirty)","/Users/rohan/Downloads/Music/Bruno Mars & Sexyy Red - Fat, Juicy, & Wet (DJ ROCCO & DJ EVER B R&B Remix) (Dirty).mp3",Music,103.359375,2471.7795107996762,0.39843401312828064,-67.31041717529297,146.4487762451172,-15.339447975158691,47.520240783691406,-19.32115936279297,16.22934913635254,-8.165390968322754,4.522497653961182,-12.16954517364502,-2.1239047050476074,-7.239989280700684,-5.420845031738281,-1.0437664985656738
Drake - What Did I Miss - Hills Remix (Dirty),/Users/rohan/Downloads/Music/Drake - What Did I Miss - Hills Remix (Dirty).mp3,Music,129.19921875,4304.810321980105,0.16556128859519958,-88.58656311035156,104.20401763916016,-31.458736419677734,45.32735061645508,-31.78582763671875,32.289520263671875,-16.9722957611084,3.3737196922302246,-6.214260101318359,1.6288775205612183,-7.367059707641602,-5.329346656799316,-5.259862422943115
Active x Yaad Piya - DJ Aura Edit,/Users/rohan/Downloads/Music/Active x Yaad Piya - DJ Aura Edit.mp3,Music,112.34714673913044,3327.884158006667,0.2145906388759613,-133.55386352539062,112.94609832763672,-14.947471618652344,39.857444763183594,-6.804804801940918,30.76466941833496,-13.366378784179688,18.591588973999023,-3.862348794937134,1.2971558570861816,2.4749324321746826,7.279901027679443,-0.23562480509281158
Bad Bunny - DtMF (GROSSOMODDO Remix),/Users/rohan/Downloads/Music/Bad Bunny - DtMF (GROSSOMODDO Remix).mp3,Music,123.046875,4390.136427484448,0.12781424820423126,-133.617431640625,98.97554779052734,-12.572829246520996,30.278553009033203,-21.05401039123535,24.035118103027344,-22.1031551361084,9.835787773132324,-12.084108352661133,-1.740505337715149,-12.936487197875977,-3.363712787628174,-10.925036430358887
Tiesto - Lay Low (Radio Edit),/Users/rohan/Downloads/Music/Tiesto - Lay Low (Radio Edit).mp3,Music,123.046875,3187.4993470124646,0.388380765914917,-50.42157745361328,125.94869995117188,-16.25044059753418,44.005977630615234,-9.011566162109375,20.85542106628418,-1.752630352973938,9.319436073303223,-2.2454330921173096,6.685108661651611,-4.181400775909424,3.377358913421631,-0.5679804086685181
Ed Sheeran F. Arijit Singh - Sapphire 95,/Users/rohan/Downloads/Music/Ed Sheeran F. Arijit Singh - Sapphire 95.mp3,Music,95.703125,3319.3967628380146,0.27348262071609497,-101.95549774169922,110.52568817138672,-30.99365997314453,52.716796875,-15.599157333374023,27.388019561767578,-11.348043441772461,13.321372032165527,-3.135646104812622,4.7876458168029785,-2.0156707763671875,8.956256866455078,5.6527323722839355
Jerry Wallis  The Chainsmokers - Closer (R3hab Moombahton Redrum)[Clean],/Users/rohan/Downloads/Music/Jerry Wallis  The Chainsmokers - Closer (R3hab Moombahton Redrum)[Clean].mp3,Music,99.38401442307692,4174.210300059205,0.2616675794124603,-60.91112518310547,97.02794647216797,-24.469192504882812,47.19218444824219,-13.164155006408691,28.108171463012695,-10.422821998596191,18.120704650878906,-8.424280166625977,15.052873611450195,-1.4165241718292236,7.920538425445557,-2.505586624145508
72. Daddy Yankee Ft Anuel Aa - Adictiva (Ck Intro - Clean),/Users/rohan/Downloads/Music/72. Daddy Yankee Ft Anuel Aa - Adictiva (Ck Intro - Clean).mp3,Music,130.8139534883721,2573.5694073442423,0.2980402112007141,-143.74893188476562,131.96942138671875,-23.597755432128906,41.276771545410156,-14.643364906311035,8.349549293518066,-13.076489448547363,18.67406463623047,-5.147212028503418,-13.013269424438477,0.1025334894657135,4.164778232574463,6.485443592071533
Justin Timberlake  (Jay-Z) -  Suit & Tie (Intro),/Users/rohan/Downloads/Music/Justin Timberlake  (Jay-Z) -  Suit & Tie (Intro).mp3,Music,101.33272058823529,2483.3920457024406,0.2848379909992218,-104.95404052734375,143.80824279785156,-5.896612167358398,36.34724044799805,-4.261183261871338,30.96903419494629,-10.734819412231445,16.639022827148438,3.122415542602539,10.746707916259766,5.466033935546875,10.62541389465332,1.3173528909683228
ItsArius & Lynnic - Cornfield Chase (Extended Mix),/Users/rohan/Downloads/Music/ItsArius & Lynnic - Cornfield Chase (Extended Mix).wav,Music,123.046875,781.2583331437993,0.19518549740314484,-240.035888671875,186.18519592285156,29.195880889892578,3.8336291313171387,13.908286094665527,11.082585334777832,4.162692070007324,5.570241451263428,5.289036273956299,1.6212470531463623,0.8712489604949951,2.9250316619873047,-0.45051833987236023
HYALYTE x MXTT HXLL - Memories (Up. Records),/Users/rohan/Downloads/Music/HYALYTE x MXTT HXLL - Memories (Up. Records).wav,Music,129.19921875,3271.4911910752708,0.11417245864868164,-159.5022430419922,128.10531616210938,-21.125286102294922,8.594584465026855,-12.071332931518555,18.018312454223633,-16.104516983032227,-1.9439024925231934,-11.918264389038086,-7.064896583557129,-12.483989715576172,-10.404147148132324,-10.980036735534668
The Weeknd - Reminder (Intro - Dirty),/Users/rohan/Downloads/Music/The Weeknd - Reminder (Intro - Dirty).mp3,Music,161.4990234375,2962.638209720895,0.27403903007507324,-130.7166748046875,120.08291625976562,17.39728546142578,45.733856201171875,1.6612597703933716,24.64410400390625,-3.343787908554077,15.404684066772461,2.247553586959839,-2.614738941192627,-4.046527862548828,12.495726585388184,1.2339458465576172
Suit & Tie (feat. JAY Z),/Users/rohan/Downloads/Music/Suit & Tie (feat. JAY Z).mp3,Music,101.33272058823529,2484.4149980072543,0.32041457295417786,-108.12797546386719,139.19671630859375,-7.7525410652160645,35.24440383911133,-4.392667293548584,31.627376556396484,-7.266260147094727,17.89682960510254,7.19144344329834,13.938881874084473,5.128199100494385,8.536320686340332,2.83427095413208
Jay-Sean-vs.-WildVibes-Patrick-Key-Down-Dario-Valli-2023-Edit-128-10B,/Users/rohan/Downloads/Music/Jay-Sean-vs.-WildVibes-Patrick-Key-Down-Dario-Valli-2023-Edit-128-10B.mp3,Music,129.19921875,3400.5111224827842,0.21086814999580383,-67.79325866699219,130.56143188476562,-27.01970100402832,31.196950912475586,-24.853055953979492,31.63029670715332,-21.638134002685547,11.320368766784668,-9.614420890808105,10.627596855163574,-10.764725685119629,7.419747352600098,-3.1281895637512207
Drake & Central Cee - Which One - Da Phonk Club Edit (Dirty),/Users/rohan/Downloads/Music/Drake & Central Cee - Which One - Da Phonk Club Edit (Dirty).mp3,Music,120.18531976744185,2251.600593910916,0.46302488446235657,-120.68431854248047,129.26092529296875,-10.394448280334473,52.303096771240234,2.4047346115112305,27.447307586669922,4.366772651672363,16.980318069458008,5.925690650939941,10.045931816101074,3.1623995304107666,5.486854076385498,0.04666293412446976
HUGEL-Topic-Arash-feat.-Daecolm-I-Adore-You-ARTBAT-Remix-124-10A,/Users/rohan/Downloads/Music/HUGEL-Topic-Arash-feat.-Daecolm-I-Adore-You-ARTBAT-Remix-124-10A.mp3,Music,123.046875,3019.1417550407946,0.07752510905265808,-224.96405029296875,133.03582763671875,-18.35157012939453,35.751708984375,2.914203405380249,8.171632766723633,-20.799699783325195,-3.9892170429229736,-5.2784295082092285,-1.6220413446426392,-10.196043014526367,-3.884366989135742,-9.262279510498047
Cheat Codes - Balenciaga (Extended Redrum) 126 bpm Clean,/Users/rohan/Downloads/Music/Cheat Codes - Balenciaga (Extended Redrum) 126 bpm Clean.mp3,Music,126.04801829268293,3417.6234513957415,0.254252552986145,-62.249000549316406,130.19439697265625,-33.91156005859375,54.2989501953125,-21.908214569091797,33.69050598144531,-19.13593864440918,18.82980728149414,-10.354851722717285,6.973504543304443,-11.074612617492676,0.32408979535102844,-1.5020700693130493
Jim Jones  -  We Fly High  (Ballin) (Intro),/Users/rohan/Downloads/Music/Jim Jones  -  We Fly High  (Ballin) (Intro).mp3,Music,172.265625,2607.394452253093,0.2579210102558136,-109.65189361572266,142.4056396484375,-39.01557540893555,39.46009826660156,-15.045872688293457,20.97844696044922,-2.6710829734802246,7.345317840576172,1.7016527652740479,4.222174167633057,0.5196006894111633,2.4365177154541016,4.761226177215576
HUGEL-David-Guetta-Kehlani-Daecolm-Think-Of-Me-120-3B,/Users/rohan/Downloads/Music/HUGEL-David-Guetta-Kehlani-Daecolm-Think-Of-Me-120-3B.mp3,Music,120.18531976744185,3042.823187727829,0.3754977285861969,-105.57913970947266,119.3204574584961,16.225296020507812,40.451656341552734,2.234468460083008,30.911876678466797,-3.3498213291168213,17.55409812927246,3.9070255756378174,10.374054908752441,5.15985107421875,12.450554847717285,0.29431408643722534
Outkast - Hey Ya!,/Users/rohan/Downloads/Music/Outkast - Hey Ya!.mp3,Music,105.46875,3643.0452426226757,0.22541175782680511,-94.8095703125,114.9544677734375,8.962363243103027,35.70091247558594,-3.35683536529541,26.742664337158203,-3.235062837600708,23.07107162475586,-0.581731915473938,16.001081466674805,-10.192548751831055,8.626740455627441,-4.810644149780273
Stevie Wonder - Isn't She Lovely (Clean),/Users/rohan/Downloads/Music/Stevie Wonder - Isn't She Lovely (Clean).mp3,Music,120.18531976744185,4600.6451815718965,0.2460295557975769,-44.881004333496094,98.64540100097656,0.4799250066280365,43.31357192993164,-17.377225875854492,26.44879913330078,-9.91006851196289,6.573899745941162,-11.75535774230957,9.256433486938477,-10.212958335876465,-0.3018375039100647,-2.904849052429199
Megan Thee Stallion & Yuki Chiba - Mamushi (ErickaVee Re-Drum Edit),/Users/rohan/Downloads/Music/Megan Thee Stallion & Yuki Chiba - Mamushi (ErickaVee Re-Drum Edit).mp3,Music,95.703125,3835.8715006233347,0.24966730177402496,-111.63449096679688,110.75444793701172,-8.399620056152344,37.794681549072266,-22.678979873657227,20.788545608520508,-10.112787246704102,12.97011947631836,-0.6943095922470093,-0.4015299677848816,1.0311659574508667,8.451672554016113,-2.899308204650879
CNCO - Hey DJ (Dj Intro Short)[Clean],/Users/rohan/Downloads/Music/CNCO - Hey DJ (Dj Intro Short)[Clean].mp3,Music,181.4516129032258,3710.3966229804546,0.25435125827789307,-87.02840423583984,115.53890228271484,-29.025196075439453,50.027801513671875,-25.036911010742188,25.24419593811035,-17.879318237304688,3.2267794609069824,-10.60610580444336,7.152131080627441,1.004570722579956,11.517720222473145,-4.763524532318115
Teriyaki Boyz - Tokyo Drift (HayaT Remix) Clean 2A 127,/Users/rohan/Downloads/Music/Teriyaki Boyz - Tokyo Drift (HayaT Remix) Clean 2A 127.mp3,Music,126.04801829268293,3375.1661594885554,0.26759999990463257,-73.63825225830078,124.08122253417969,-43.97018051147461,23.688560485839844,-4.325812339782715,21.133251190185547,-10.999995231628418,6.208518028259277,-6.408961772918701,4.324775695800781,-2.1651923656463623,4.116727352142334,-2.698183298110962
John-Summit-Hayla-Where-You-Are-Zedd-Remix-Radio-Edit-130-8A,/Users/rohan/Downloads/Music/John-Summit-Hayla-Where-You-Are-Zedd-Remix-Radio-Edit-130-8A.mp3,Music,129.19921875,3072.8234258184552,0.20801827311515808,-81.78700256347656,138.12173461914062,-21.347993850708008,25.536304473876953,-21.60036849975586,22.54640769958496,-17.013944625854492,8.740022659301758,-3.240588903427124,2.684119939804077,-1.3835114240646362,3.8812947273254395,-4.999417304992676
Kehlani-Out-The-Window-Esentrik-Edit-Dirty-62-6B,/Users/rohan/Downloads/Music/Kehlani-Out-The-Window-Esentrik-Edit-Dirty-62-6B.mp3,Music,120.18531976744185,3876.89612081576,0.3180728852748871,-71.5728530883789,105.64812469482422,-3.8400683403015137,31.464183807373047,-12.534290313720703,26.55965805053711,-22.760343551635742,18.905467987060547,-7.649141788482666,2.0008294582366943,0.31263625621795654,11.381948471069336,-7.395682334899902
Aventura-Bad-Bunny-Volvi-Tony-B-Redrum-Dirty-98-2A,/Users/rohan/Downloads/Music/Aventura-Bad-Bunny-Volvi-Tony-B-Redrum-Dirty-98-2A.mp3,Music,129.19921875,3564.5474223636406,0.2051866352558136,-131.58164978027344,101.38993835449219,-38.7118034362793,40.30157470703125,-11.581544876098633,17.371435165405273,-5.331896781921387,5.156506538391113,4.916694164276123,-4.789107322692871,-5.32031774520874,2.262343168258667,1.4649041891098022
Tegi Pannu - Schedule (Main),/Users/rohan/Downloads/Music/Tegi Pannu - Schedule (Main).mp3,Music,92.28515625,2883.805941762852,0.22278966009616852,-133.570556640625,129.2236785888672,-13.815569877624512,17.355735778808594,-19.598085403442383,11.640395164489746,-14.686017036437988,-0.48726657032966614,-13.708296775817871,0.69091796875,-12.438753128051758,-5.182683944702148,-8.528886795043945
Stromae - Alors On Danse (Dave Ruthwell 'Tribal' Edit),/Users/rohan/Downloads/Music/Stromae - Alors On Danse (Dave Ruthwell 'Tribal' Edit).mp3,Music,126.04801829268293,2799.115150381346,0.29037365317344666,-58.80384063720703,139.33888244628906,-38.16458511352539,35.41886520385742,-17.8321590423584,12.608613014221191,-6.832385063171387,16.906661987304688,-0.621172308921814,7.941290378570557,-8.738805770874023,4.076406955718994,5.776491165161133
Drake - N 2 Deep (Intro)[Clean],/Users/rohan/Downloads/Music/Drake - N 2 Deep (Intro)[Clean].mp3,Music,92.28515625,2159.9570222545576,0.19792728126049042,-168.4810791015625,153.93356323242188,-1.486246943473816,36.62022018432617,-3.4724552631378174,17.543243408203125,-15.750656127929688,0.4900139570236206,1.6812782287597656,-3.4179093837738037,-2.117172956466675,-3.304344654083252,-4.553472995758057
Far East Movement - Rocketeer (NAJ Garage Edit),/Users/rohan/Downloads/Music/Far East Movement - Rocketeer (NAJ Garage Edit).mp3,Music,125.0,2872.9930057532015,0.2764565944671631,-94.80036926269531,141.63543701171875,-20.30555534362793,42.731781005859375,-17.141090393066406,22.21760368347168,-2.6788666248321533,8.980396270751953,0.4123925268650055,4.891987323760986,-2.7152130603790283,1.471661925315857,-2.1032795906066895
Bad Bunny - NUEVAYoL - Rebel Remix (Dirty),/Users/rohan/Downloads/Music/Bad Bunny - NUEVAYoL - Rebel Remix (Dirty).mp3,Music,129.19921875,4648.19772916377,0.34356093406677246,-81.23739624023438,73.65259552001953,-7.412640571594238,54.160640716552734,-9.660554885864258,32.000267028808594,-9.106701850891113,22.53376007080078,1.6342424154281616,12.470974922180176,-4.553241729736328,12.20174789428711,0.49916231632232666
Future & Lil Uzi Vert - Drankin N Smokin (CK Intro - Dirty) 7A 76,/Users/rohan/Downloads/Music/Future & Lil Uzi Vert - Drankin N Smokin (CK Intro - Dirty) 7A 76.mp3,Music,151.99908088235293,2787.28215345815,0.28686589002609253,-140.2223358154297,123.51643371582031,-9.25602912902832,46.24177551269531,-10.101419448852539,36.685455322265625,-2.3690242767333984,7.19903039932251,4.087822914123535,11.214629173278809,-1.2201812267303467,8.921334266662598,9.729260444641113
Gunna - Got Damn (DJ ROCCO & DJ EVER B Remix) (Dirty),/Users/rohan/Downloads/Music/Gunna - Got Damn (DJ ROCCO & DJ EVER B Remix) (Dirty).mp3,Music,161.4990234375,4290.33185384082,0.42811787128448486,-34.39268112182617,89.93224334716797,-6.333954811096191,33.360923767089844,-12.601239204406738,34.35706329345703,2.2809407711029053,19.748838424682617,1.193292498588562,12.220819473266602,-1.027389645576477,16.935579299926758,3.6251492500305176
Ne-Yo-Closer-Gilla-Remix-134-9A,/Users/rohan/Downloads/Music/Ne-Yo-Closer-Gilla-Remix-134-9A.mp3,Music,132.51201923076923,3439.22383575027,0.29234224557876587,-78.06197357177734,116.00067901611328,-20.926815032958984,47.682552337646484,-15.582158088684082,27.393070220947266,-6.101936340332031,12.47393798828125,0.17254288494586945,4.0029191970825195,0.622145414352417,9.260193824768066,6.401499271392822
WOST - BOASTY TEK EDIT 01 (REMIX),/Users/rohan/Downloads/Music/WOST - BOASTY TEK EDIT 01 (REMIX).mp3,Music,129.19921875,3298.2255523464623,0.3229265809059143,-153.9200439453125,97.90142822265625,-12.574238777160645,55.2388916015625,-0.22886426746845245,34.14322280883789,-5.4986677169799805,25.208280563354492,-2.1220929622650146,10.991673469543457,5.013033866882324,7.354976654052734,6.982566833496094
WizTheMc-bees-honey-Take-My-Mind-Radio-Edit-114-2A,/Users/rohan/Downloads/Music/WizTheMc-bees-honey-Take-My-Mind-Radio-Edit-114-2A.mp3,Music,114.84375,2412.0970079920726,0.33871397376060486,-97.7862777709961,144.7371826171875,-11.225839614868164,31.963302612304688,-12.678876876831055,20.07977867126465,-13.88801383972168,9.196374893188477,-4.754231929779053,1.1502938270568848,-1.7663713693618774,8.838277816772461,1.5005806684494019
Drake - N 2 Deep (Intro)[Dirty],/Users/rohan/Downloads/Music/Drake - N 2 Deep (Intro)[Dirty].mp3,Music,92.28515625,2159.671329664703,0.1979912966489792,-168.44842529296875,153.8920135498047,-1.4520862102508545,36.59619140625,-3.4820361137390137,17.53263282775879,-15.759773254394531,0.5068236589431763,1.7044334411621094,-3.38134765625,-2.1206605434417725,-3.3247103691101074,-4.557345867156982
Wayne Wonder - No Letting Go (Joshua Cove Edit),/Users/rohan/Downloads/Music/Wayne Wonder - No Letting Go (Joshua Cove Edit).mp3,Music,126.04801829268293,3777.992384374064,0.4317931532859802,-92.07945251464844,77.94839477539062,-2.214688539505005,55.27113342285156,-0.3164038062095642,36.055816650390625,7.83492374420166,27.305879592895508,7.07596492767334,20.706735610961914,4.239032745361328,14.996281623840332,3.8776087760925293
Teriyaki Boyz - Tokyo Drift (Club),/Users/rohan/Downloads/Music/Teriyaki Boyz - Tokyo Drift (Club).mp3,Music,126.04801829268293,2264.6128252156377,0.28121504187583923,-106.92652130126953,160.7600555419922,-19.43403434753418,41.10523986816406,-7.8896636962890625,20.347835540771484,-17.76780128479004,2.237827777862549,-6.186069011688232,2.4871885776519775,2.7703707218170166,1.5867819786071777,0.49143627285957336
Burna-Boy-Dont-Let-Me-Drown-113-12B,/Users/rohan/Downloads/Music/Burna-Boy-Dont-Let-Me-Drown-113-12B.mp3,Music,112.34714673913044,3226.8634747819515,0.27463942766189575,-108.107177734375,115.0807113647461,2.458228588104248,36.350372314453125,-2.9637703895568848,26.01840591430664,6.278223037719727,11.820605278015137,3.584240674972534,10.228787422180176,3.8327455520629883,4.3439040184021,4.073461055755615
"Carlos Vives, MichaelBM, Wakyin - Beso (Fruta Fresca) (Fruta Fresca)","/Users/rohan/Downloads/Music/Carlos Vives, MichaelBM, Wakyin - Beso (Fruta Fresca) (Fruta Fresca).mp3",Music,129.19921875,4400.6931362395335,0.19253234565258026,-121.31449890136719,94.91683197021484,-0.26038089394569397,48.43323516845703,-14.581082344055176,24.69662094116211,-13.220762252807617,10.435397148132324,-11.118059158325195,7.180686950683594,-7.81368350982666,4.013737678527832,-10.157732963562012
Tinashe-Nasty-100-2A,/Users/rohan/Downloads/Music/Tinashe-Nasty-100-2A.mp3,Music,99.38401442307692,1764.5319068699062,0.35751545429229736,-189.47433471679688,139.0243682861328,19.10891342163086,54.18190002441406,21.328645706176758,26.599119186401367,-1.997910976409912,8.956025123596191,-5.0014262199401855,-3.747526168823242,-1.066684603691101,-2.255739450454712,-3.897315502166748
Avicii - Levels (Retrovision Remix) (Even Steve Epic Intro) Clean 12A 128,/Users/rohan/Downloads/Music/Avicii - Levels (Retrovision Remix) (Even Steve Epic Intro) Clean 12A 128.mp3,Music,129.19921875,4790.1000766583975,0.30830371379852295,5.764466285705566,85.7284927368164,-31.249238967895508,47.38507843017578,-12.466150283813477,18.988466262817383,-13.497085571289062,14.064029693603516,-8.685510635375977,13.050971984863281,-8.046219825744629,9.561721801757812,-7.375693321228027
Ginuwine - Pony (CK Intro - Clean),/Users/rohan/Downloads/Music/Ginuwine - Pony (CK Intro - Clean).mp3,Music,143.5546875,4889.003592835012,0.19939807057380676,-105.35943603515625,79.39386749267578,-21.780263900756836,37.076969146728516,-12.75899600982666,20.084781646728516,-9.995909690856934,11.009737968444824,-0.4291974604129791,8.303519248962402,-5.783413887023926,8.944915771484375,-3.6498489379882812
Saweetie-Tap-In-Intro-Clean-100-5A,/Users/rohan/Downloads/Music/Saweetie-Tap-In-Intro-Clean-100-5A.mp3,Music,99.38401442307692,3257.085654580347,0.2584969103336334,-152.7423553466797,106.84153747558594,-10.121232032775879,33.88518142700195,4.557281017303467,29.976478576660156,-4.63638973236084,21.228206634521484,8.876334190368652,3.5567502975463867,4.857024192810059,3.6014325618743896,0.6441264748573303
PramPranWeddingAud,/Users/rohan/Downloads/Music/PramPranWeddingAud.mp3,Music,112.5,2638.9779339816037,0.27970683574676514,-96.61949157714844,157.888916015625,-31.29095458984375,43.13685989379883,-28.13166046142578,29.80470085144043,-17.24034309387207,9.814041137695312,1.9400513172149658,-3.4764208793640137,3.2835259437561035,2.04917049407959,6.9479289054870605
Ashanti-Only-U-Fuzz-2022-Edit-130-12A,/Users/rohan/Downloads/Music/Ashanti-Only-U-Fuzz-2022-Edit-130-12A.mp3,Music,129.19921875,2887.80068574724,0.21137508749961853,-99.01591491699219,129.24191284179688,-53.76384735107422,36.340858459472656,-2.625498056411743,24.160179138183594,-4.3010640144348145,6.992618560791016,2.5174431800842285,6.006162643432617,3.807591438293457,2.6022536754608154,-7.2111430168151855
LL Cool J - Jingling Baby (Clean  Intro),/Users/rohan/Downloads/Music/LL Cool J - Jingling Baby (Clean  Intro).mp3,Music,112.34714673913044,2334.9617780224917,0.21987324953079224,-145.74380493164062,145.3702850341797,-38.04167556762695,62.73206329345703,5.512681484222412,12.232048034667969,17.665611267089844,-0.42146816849708557,19.54109764099121,6.137576103210449,5.755430698394775,2.607630968093872,2.502551794052124
Dr Dre ft Snoop Dogg - Still D.R.E. (CK Intro - Clean),/Users/rohan/Downloads/Music/Dr Dre ft Snoop Dogg - Still D.R.E. (CK Intro - Clean) .mp3,Music,93.96306818181819,3025.657503749133,0.27371129393577576,-89.59342193603516,136.4666748046875,-23.0837345123291,37.20145797729492,-22.87833023071289,18.251432418823242,-15.877488136291504,5.476722717285156,-1.647744059562683,9.17048168182373,0.08935823291540146,7.299168109893799,-0.7913722991943359
Bruno Mars - Uptown Funk (Gin and Sonic Remix),/Users/rohan/Downloads/Music/Bruno Mars - Uptown Funk (Gin and Sonic Remix).mp3,Music,129.19921875,3349.2872035920536,0.3602665960788727,-48.1359977722168,115.33303833007812,-48.23106384277344,34.92815017700195,-20.12578773498535,17.3968448638916,-8.983579635620117,11.324379920959473,-6.579025745391846,1.6075836420059204,-5.198788642883301,4.194885730743408,-0.014680277556180954
Pitbull & Elvis Crespo - Suave (Intro) 130,/Users/rohan/Downloads/Music/Pitbull & Elvis Crespo - Suave (Intro) 130.mp3,Music,129.19921875,3980.6402418141956,0.356456458568573,-37.297359466552734,97.27022552490234,-40.126644134521484,49.16322326660156,-14.559110641479492,24.37704086303711,-11.64571762084961,22.349205017089844,-5.587990760803223,4.9137797355651855,-0.7719501256942749,11.212594985961914,-0.037658266723155975
Tyla - Push 2 Start (Santeo Edit) Up. Records,/Users/rohan/Downloads/Music/Tyla - Push 2 Start (Santeo Edit) Up. Records.wav,Music,129.19921875,3310.8134670054997,0.2232363224029541,-112.07405090332031,120.38076782226562,-5.358104228973389,36.514373779296875,-12.075423240661621,21.587993621826172,-10.245582580566406,19.375463485717773,-3.9749226570129395,7.268792152404785,5.1690754890441895,6.595118045806885,-2.756302833557129
Sister-Nancy-Bam-Bam-Federico-Bolletta-5HOURS-Remix-124-8A,/Users/rohan/Downloads/Music/Sister-Nancy-Bam-Bam-Federico-Bolletta-5HOURS-Remix-124-8A.mp3,Music,166.70866935483872,2946.4046810386935,0.28413429856300354,-126.52446746826172,119.6303482055664,-23.9075927734375,31.34966468811035,-4.9136061668396,23.421142578125,-3.2142603397369385,21.700286865234375,0.6424275040626526,2.1078312397003174,0.5947908759117126,17.004758834838867,2.329275369644165
Drake & Central Cee - Which One - Da Phonk Club Edit (Clean),/Users/rohan/Downloads/Music/Drake & Central Cee - Which One - Da Phonk Club Edit (Clean).mp3,Music,120.18531976744185,2333.969556415635,0.46229660511016846,-120.08367919921875,124.87611389160156,-5.607205867767334,47.67388153076172,7.202291488647461,24.202560424804688,7.377915859222412,15.348549842834473,7.949258804321289,9.400960922241211,3.554065465927124,5.9326019287109375,-0.8381786942481995
Drake-feat.-Central-Cee-Which-One-Clean-120-7A,/Users/rohan/Downloads/Music/Drake-feat.-Central-Cee-Which-One-Clean-120-7A.mp3,Music,120.18531976744185,2112.524961626262,0.4346061646938324,-151.31365966796875,129.2181396484375,6.122653961181641,46.36448669433594,1.2310922145843506,17.85605812072754,5.1509552001953125,12.877198219299316,10.69902515411377,8.918638229370117,2.3353285789489746,4.29290771484375,-1.6272958517074585
Nardo Wick - Dah Dah DahDah (CK Intro - Dirty) 2A 84,/Users/rohan/Downloads/Music/Nardo Wick - Dah Dah DahDah (CK Intro - Dirty) 2A 84.mp3,Music,166.70866935483872,2357.2988532672944,0.29433760046958923,-164.5360107421875,137.5089569091797,-16.155059814453125,28.4302978515625,-22.26850700378418,19.344322204589844,4.202552795410156,1.3723809719085693,-0.38029494881629944,6.81728458404541,-1.1333903074264526,10.043464660644531,2.464715003967285
J-Balvin-Willy-William-Mi-Gente-ATGC-Remix-122-9A,/Users/rohan/Downloads/Music/J-Balvin-Willy-William-Mi-Gente-ATGC-Remix-122-9A.mp3,Music,123.046875,3481.171124780515,0.339811772108078,-68.1270751953125,107.47339630126953,-19.98858642578125,40.04497528076172,-9.77612018585205,28.732044219970703,-10.118879318237305,11.249847412109375,0.7054290175437927,5.874274253845215,-5.4383649826049805,9.437417030334473,2.1611721515655518
Pasoori_320(PagalWorld.com.sb),/Users/rohan/Downloads/Music/Pasoori_320(PagalWorld.com.sb).mp3,Music,92.28515625,3946.8093153038567,0.22177152335643768,-132.6902313232422,103.6904296875,-9.166912078857422,30.328857421875,-27.414140701293945,26.70620346069336,-26.011699676513672,14.152880668640137,-9.54347038269043,1.8465288877487183,-15.433761596679688,17.30801773071289,-5.763878345489502
Migos - Versace (Clean),/Users/rohan/Downloads/Music/Migos - Versace (Clean).mp3,Music,132.51201923076923,2973.695075954348,0.34234291315078735,-117.24170684814453,124.43820190429688,-19.20140838623047,39.33066940307617,-13.785016059875488,32.72267150878906,-8.346630096435547,8.170576095581055,-6.855828762054443,5.134537696838379,-1.7817658185958862,14.78018856048584,4.817583084106445
Calvin Harris - Thinking About You - FaceTyme Remix,/Users/rohan/Downloads/Music/Calvin Harris - Thinking About You - FaceTyme Remix.mp3,Music,129.19921875,3395.951960515975,0.3640507161617279,-60.75090789794922,119.73104095458984,-15.290181159973145,61.2784423828125,-8.798276901245117,34.611698150634766,-11.417356491088867,19.567745208740234,-0.3284371793270111,3.136747360229492,7.213454723358154,6.760762691497803,2.837963819503784
Akon ft Eminem  - Smack That (CK Intro - Dirty),/Users/rohan/Downloads/Music/Akon ft Eminem  - Smack That (CK Intro - Dirty).mp3,Music,59.40193965517241,3331.691468183352,0.20530804991722107,-112.39647674560547,118.44378662109375,-25.569475173950195,49.31339645385742,-18.444185256958008,23.10358428955078,-12.237173080444336,18.47022247314453,-1.37003755569458,3.268601894378662,4.869699001312256,0.8337433338165283,1.0979256629943848
Avril Lavigne - Sk8er Boi [Intro Clean],/Users/rohan/Downloads/Music/Avril Lavigne - Sk8er Boi [Intro Clean].mp3,Music,75.99954044117646,3436.7365019063395,0.24302366375923157,-57.23260498046875,124.90196990966797,-51.78816604614258,64.62932586669922,-2.1285946369171143,27.799856185913086,-14.317424774169922,13.709000587463379,-4.193391799926758,12.73816967010498,5.835419178009033,10.669527053833008,0.7630320191383362
Raabta x Secret ID ( Flipsyd ),/Users/rohan/Downloads/Music/AfroDesi June25/Raabta x Secret ID ( Flipsyd ).mp3,Music,119.68085106382979,3063.8059141160925,0.30668365955352783,-140.04440307617188,119.16278076171875,-3.5807974338531494,65.28233337402344,-13.854747772216797,35.26078414916992,-0.4268718659877777,22.39566421508789,5.857426643371582,8.549602508544922,10.166090965270996,-1.3074935674667358,6.362282752990723
Dard E Disco x Koi Jaye x Dhamar ( Flipsyd ),/Users/rohan/Downloads/Music/AfroDesi June25/Dard E Disco x Koi Jaye x Dhamar ( Flipsyd ).mp3,Music,127.8409090909091,3360.9649680262605,0.36258620023727417,-79.89447784423828,124.24576568603516,-22.01288604736328,50.42075729370117,-10.57161808013916,27.455711364746094,-6.4548258781433105,22.571104049682617,-2.1323113441467285,7.371406078338623,0.8159081339836121,13.402094841003418,5.521978855133057
Titliya Wargah x Impala ( Flipsyd ),/Users/rohan/Downloads/Music/AfroDesi June25/Titliya Wargah x Impala ( Flipsyd ).mp3,Music,123.046875,3204.751578887705,0.36282864212989807,-97.61585998535156,114.10037994384766,14.0442476272583,47.6307487487793,-8.093795776367188,33.442054748535156,-13.71844482421875,15.003260612487793,-4.076707363128662,14.771254539489746,-2.370004892349243,15.395843505859375,8.069533348083496
Tumse Hi x Casablanca ( Flipsyd ),/Users/rohan/Downloads/Music/AfroDesi June25/Tumse Hi x Casablanca ( Flipsyd ).mp3,Music,61.81318681318681,2487.4288305245145,0.2906816005706787,-106.81958770751953,146.88766479492188,-37.06883239746094,71.79914855957031,1.1040407419204712,26.256193161010742,1.1606993675231934,10.976548194885254,-1.6077203750610352,6.295821189880371,4.155232906341553,1.5442471504211426,5.615498065948486
Jhol x Manara,/Users/rohan/Downloads/Music/AfroDesi June25/Jhol x Manara.mp3,Music,122.28260869565217,2654.9251695077605,0.2725295424461365,-147.7022705078125,130.8169403076172,-20.59281349182129,60.05122375488281,-11.666406631469727,36.85433578491211,5.41537618637085,13.292597770690918,7.5370306968688965,6.321764945983887,10.416412353515625,5.324397087097168,13.40947437286377
Chand Sifarish x Alameyo ( Flipsyd ),/Users/rohan/Downloads/Music/AfroDesi June25/Chand Sifarish x Alameyo ( Flipsyd ).mp3,Music,120.18531976744185,2445.848496901335,0.21231749653816223,-109.77926635742188,154.96775817871094,-30.88306427001953,18.061689376831055,-16.525482177734375,17.78528594970703,-6.042341232299805,12.801044464111328,-4.253185749053955,1.9402508735656738,-7.834463596343994,9.009159088134766,2.0061590671539307
Bol do na x  Spectrum ( Flipsyd ),/Users/rohan/Downloads/Music/AfroDesi June25/Bol do na x  Spectrum ( Flipsyd ).mp3,Music,122.28260869565217,2991.527454899335,0.32373130321502686,-66.77033233642578,146.63356018066406,-20.333797454833984,38.50934982299805,-21.61756134033203,30.39507484436035,-14.335423469543457,10.210858345031738,-3.936307191848755,2.192129135131836,-1.3689435720443726,1.415391445159912,-3.924903631210327
Rangeela Re x Loosing It ( Flipsyd ),/Users/rohan/Downloads/Music/AfroDesi June25/Rangeela Re x Loosing It ( Flipsyd ).mp3,Music,125.0,4056.7604841167818,0.1965564787387848,-70.91632843017578,124.01504516601562,-45.372840881347656,41.91128158569336,-34.001121520996094,26.986553192138672,-23.820280075073242,11.871782302856445,-12.311768531799316,5.141756057739258,-5.500117301940918,4.360119342803955,-7.422425746917725
Doobay x Fanna x Acerkte ( Flipsyd ),/Users/rohan/Downloads/Music/AfroDesi June25/Doobay x Fanna x Acerkte ( Flipsyd ).mp3,Music,123.046875,4279.379229683855,0.15586139261722565,-107.20124053955078,100.71058654785156,-25.054170608520508,53.38981628417969,-20.208282470703125,27.91584014892578,-19.239078521728516,14.032722473144531,-7.718570232391357,1.0857478380203247,-1.4869959354400635,4.411093711853027,-6.535459995269775
Urvashi Afro House Remix ( Flipsyd ),/Users/rohan/Downloads/Music/AfroDesi June25/Urvashi Afro House Remix ( Flipsyd ).wav,Music,119.68085106382979,3029.960483254018,0.11080332845449448,-222.20606994628906,169.5331268310547,-25.037508010864258,24.027175903320312,6.452859878540039,1.2493959665298462,4.977773189544678,-10.97220516204834,-0.5384389758110046,-6.869849681854248,-4.017683506011963,-3.4767184257507324,-9.052258491516113
Move Your Body x Sxy ( Flipsyd ),/Users/rohan/Downloads/Music/AfroDesi June25/Move Your Body x Sxy ( Flipsyd ).mp3,Music,122.28260869565217,2571.119895450718,0.30873191356658936,-145.52061462402344,133.53097534179688,-14.91234016418457,42.2711067199707,-1.6556711196899414,29.28731918334961,0.5240511298179626,8.134623527526855,8.070033073425293,4.143126487731934,4.024154186248779,7.859555721282959,-1.5279674530029297
Raanjhan x Life Is Simple ( Flipsyd ),/Users/rohan/Downloads/Music/AfroDesi June25/Raanjhan x Life Is Simple ( Flipsyd ).mp3,Music,122.28260869565217,2019.0053340259394,0.2078048139810562,-169.27073669433594,166.41725158691406,2.013331413269043,28.69524383544922,-10.247540473937988,17.729900360107422,-8.790292739868164,-2.838442087173462,-5.288813591003418,-8.250569343566895,-1.9881329536437988,-5.175226211547852,-4.945242881774902
Ramta Jogi x Rakkas ( Flipsyd ),/Users/rohan/Downloads/Music/AfroDesi June25/Ramta Jogi x Rakkas ( Flipsyd ).mp3,Music,123.046875,3471.9022046947944,0.3007388114929199,-95.56997680664062,106.1302719116211,-8.792365074157715,48.32549285888672,-6.612309455871582,30.964731216430664,-1.84763503074646,16.125295639038086,-6.09431266784668,7.7803635597229,-0.19247937202453613,7.335973739624023,-0.2678452134132385
Pal Pal x Malaya ( Flipsyd ),/Users/rohan/Downloads/Music/AfroDesi June25/Pal Pal x Malaya ( Flipsyd ).mp3,Music,122.28260869565217,3042.9474584433983,0.33971527218818665,-60.99008560180664,145.09210205078125,-27.077136993408203,49.8111686706543,-25.877714157104492,28.847366333007812,-12.809062957763672,12.222461700439453,0.20281776785850525,5.9356889724731445,1.603080153465271,8.765058517456055,6.241307735443115
Love Tujhe x Baiana ( Flipsyd ),/Users/rohan/Downloads/Music/AfroDesi June25/Love Tujhe x Baiana ( Flipsyd ).mp3,Music,126.04801829268293,4233.480377611998,0.32998374104499817,-41.468807220458984,94.10442352294922,-37.845279693603516,38.75700759887695,-33.22304916381836,26.50724983215332,-16.298336029052734,12.387722969055176,-11.022879600524902,5.41322135925293,-7.590030670166016,3.5939877033233643,-6.959950923919678
Chale Jaise Hawayein x Vazilando,/Users/rohan/Downloads/Music/AfroDesi June25/Chale Jaise Hawayein x Vazilando.mp3,Music,126.04801829268293,3181.778661266137,0.345127671957016,-71.61686706542969,120.82003784179688,-29.469823837280273,45.546085357666016,-12.00653076171875,24.19318389892578,-9.807079315185547,18.4447021484375,-2.9285953044891357,5.59058952331543,-2.531043767929077,8.019981384277344,-2.432633876800537
Wo Lamhe x Jungle ( Flipsyd ),/Users/rohan/Downloads/Music/AfroDesi June25/Wo Lamhe x Jungle ( Flipsyd ).mp3,Music,119.68085106382979,2793.240847835937,0.33283233642578125,-117.22203063964844,133.4502716064453,-9.237455368041992,52.57630157470703,-18.024333953857422,18.118988037109375,-0.6307019591331482,9.43958568572998,-3.4675967693328857,2.427957057952881,-3.655318260192871,2.4492034912109375,2.917076587677002
Jatt x Sicko Mode ( Flipsyd ),/Users/rohan/Downloads/Music/AfroDesi June25/Jatt x Sicko Mode ( Flipsyd ).mp3,Music,122.28260869565217,2986.9389250483423,0.2561055123806,-106.61878204345703,140.57650756835938,-24.51811408996582,36.74168395996094,-20.91960906982422,32.37397384643555,-5.498383522033691,16.179460525512695,-5.298213481903076,2.249537229537964,2.772839307785034,0.49183139204978943,6.501236438751221
Jiya Jale x Majnuna ( Flipsyd ),/Users/rohan/Downloads/Music/AfroDesi June25/Jiya Jale x Majnuna ( Flipsyd ).mp3,Music,122.28260869565217,3961.156379011964,0.19786246120929718,-106.82317352294922,110.02869415283203,-17.278902053833008,20.168277740478516,-31.866680145263672,18.764753341674805,-21.95679473876953,6.313955783843994,-15.2487154006958,-4.947737693786621,-21.112504959106445,-7.621245861053467,-7.785404682159424
Mann Mera x Gorah ( Flipsyd ),/Users/rohan/Downloads/Music/AfroDesi June25/Mann Mera x Gorah ( Flipsyd ).mp3,Music,120.18531976744185,2552.9947000146826,0.30839547514915466,-119.86921691894531,129.64013671875,-0.9934267401695251,65.01934814453125,-6.508791446685791,34.77363204956055,-9.449690818786621,19.383922576904297,6.153043746948242,7.670791149139404,-0.7994019985198975,11.917869567871094,8.278292655944824
Wishes x The Rapture ( Flipsyd ),/Users/rohan/Downloads/Music/AfroDesi June25/Wishes x The Rapture ( Flipsyd ).mp3,Music,119.68085106382979,3735.476963206503,0.2521035671234131,-135.0800018310547,107.47171783447266,9.921199798583984,57.030460357666016,-2.2354161739349365,26.152484893798828,4.267771244049072,17.03938102722168,-5.6291728019714355,11.774971961975098,-3.9768059253692627,8.05229377746582,-2.5034897327423096
Justin Bieber vs Belinda Carlisle - Baby (Even Steve 'Heaven Is A Place On Earth' Wordplay Edit) CK Cut - Clean 5A 130,/Users/rohan/Downloads/Music/Even Steve - Useful Edits/Justin Bieber vs Belinda Carlisle - Baby (Even Steve 'Heaven Is A Place On Earth' Wordplay Edit) CK Cut - Clean 5A 130.mp3,Music,129.19921875,2985.580378775783,0.3082263469696045,-80.98080444335938,128.09609985351562,-26.196744918823242,42.42070770263672,-10.860654830932617,24.787185668945312,-7.212505340576172,16.869976043701172,1.6404318809509277,12.9150390625,-2.98174786567688,6.112381935119629,2.7608401775360107
Justin Bieber vs Belinda Carlisle - Baby (Even Steve 'Heaven Is A Place On Earth' Wordplay Edit) Intro - Clean 5A 130,/Users/rohan/Downloads/Music/Even Steve - Useful Edits/Justin Bieber vs Belinda Carlisle - Baby (Even Steve 'Heaven Is A Place On Earth' Wordplay Edit) Intro - Clean 5A 130.mp3,Music,129.19921875,3188.6879259973985,0.29801085591316223,-82.76529693603516,116.61373138427734,-28.340490341186523,36.71823501586914,-7.395320892333984,21.780248641967773,-10.798195838928223,19.52195930480957,-0.4717261791229248,9.472267150878906,4.368157386779785,6.90911865234375,4.254604816436768
Chief Keef vs MR.BLACK - Don't Like (Even Steve 'After Party' Bootleg) Intro - Dirty 11A 128,/Users/rohan/Downloads/Music/Even Steve - Useful Edits/Chief Keef vs MR.BLACK - Don't Like (Even Steve 'After Party' Bootleg) Intro - Dirty 11A 128.mp3,Music,129.19921875,3591.8847097047005,0.3773757815361023,-57.27949523925781,107.97612762451172,-26.334325790405273,47.23770523071289,-16.418712615966797,31.420257568359375,-14.065184593200684,20.07663345336914,0.0734771192073822,12.287980079650879,-2.57639479637146,12.121987342834473,4.628004550933838
"Miley Cyrus, Hannah Montana - Best Of Both Worlds (Even Steve Remix) Epic In Clean 4A 128","/Users/rohan/Downloads/Music/Even Steve - Useful Edits/Miley Cyrus, Hannah Montana - Best Of Both Worlds (Even Steve Remix) Epic In Clean 4A 128.mp3",Music,129.19921875,2636.8621315103837,0.3719179630279541,-111.06826782226562,127.67892456054688,-13.073229789733887,34.76797866821289,-3.9928054809570312,23.291786193847656,-2.258195638656616,15.877415657043457,-0.1068398654460907,10.46163272857666,1.8822561502456665,7.250279903411865,1.6116172075271606
"Miley Cyrus, Hannah Montana - Best Of Both Worlds (Even Steve Remix) Intro - Clean 4A 128","/Users/rohan/Downloads/Music/Even Steve - Useful Edits/Miley Cyrus, Hannah Montana - Best Of Both Worlds (Even Steve Remix) Intro - Clean 4A 128.mp3",Music,129.19921875,2523.9354789398826,0.3776162564754486,-103.6016845703125,133.2841339111328,-10.019197463989258,40.03281784057617,-5.181370735168457,26.54301643371582,0.23092982172966003,16.313575744628906,-1.374072551727295,10.22219181060791,2.562037467956543,7.250032424926758,2.9548370838165283
BAS EK PAL - CHANDAN & SAGAR EDIT (MELODIC TECHNO),/Users/rohan/Downloads/Music/BOLLYWOOD GARDEN VOL-2/BAS EK PAL - CHANDAN & SAGAR EDIT (MELODIC TECHNO).mp3,Music,129.19921875,3278.6391363042544,0.14528465270996094,-119.65252685546875,134.6103973388672,-49.3536262512207,50.61640548706055,-17.775663375854492,28.00126075744629,-1.2692251205444336,18.1351261138916,-1.7586520910263062,-0.2308214008808136,-2.7055275440216064,6.866806507110596,0.5495071411132812
NAADAN PARINDEY - CHANDAN & SAGAR EDIT (MELODIC TECHNO),/Users/rohan/Downloads/Music/BOLLYWOOD GARDEN VOL-2/NAADAN PARINDEY - CHANDAN & SAGAR EDIT (MELODIC TECHNO).mp3,Music,126.04801829268293,1664.8505874654593,0.3074572682380676,-142.398681640625,175.20693969726562,-10.068397521972656,31.02617073059082,-2.1728482246398926,20.33649444580078,1.3972545862197876,5.8116865158081055,1.7868322134017944,6.86016321182251,-0.13926172256469727,6.523860931396484,9.00548267364502
AADAT - CHANDAN & SAGAR EDIT (MELODIC TECHNO),/Users/rohan/Downloads/Music/BOLLYWOOD GARDEN VOL-2/AADAT - CHANDAN & SAGAR EDIT (MELODIC TECHNO).mp3,Music,126.04801829268293,3584.517471412612,0.3586951792240143,-48.88816452026367,116.74797058105469,0.6629404425621033,35.683189392089844,-8.167410850524902,24.59910774230957,-1.3211373090744019,16.852235794067383,-3.4632420539855957,7.657743453979492,-1.175813913345337,13.779309272766113,-3.102761745452881
MAR JAVAAN - CHANDAN & SAGAR EDIT (MELODIC TECHNO),/Users/rohan/Downloads/Music/BOLLYWOOD GARDEN VOL-2/MAR JAVAAN - CHANDAN & SAGAR EDIT (MELODIC TECHNO).mp3,Music,126.04801829268293,1710.4386923723723,0.2606836259365082,-194.31715393066406,152.93711853027344,-1.032418131828308,23.66593360900879,3.5097315311431885,14.391075134277344,7.825976848602295,10.62409782409668,5.695348262786865,6.604033946990967,4.969245910644531,7.227789878845215,3.052711248397827
ZARA ZARA - CHANDAN & SAGAR EDIT (MELODIC TECHNO),/Users/rohan/Downloads/Music/BOLLYWOOD GARDEN VOL-2/ZARA ZARA - CHANDAN & SAGAR EDIT (MELODIC TECHNO).mp3,Music,126.04801829268293,2139.3579473729396,0.319817453622818,-188.3865203857422,118.59300231933594,27.542255401611328,66.10224151611328,11.72098445892334,29.821605682373047,-3.2874903678894043,21.804298400878906,9.362091064453125,7.6219401359558105,3.518580675125122,8.830087661743164,3.7641549110412598
AE AJNABI - CHANDAN & SAGAR EDIT (MELODIC TECHNO),/Users/rohan/Downloads/Music/BOLLYWOOD GARDEN VOL-2/AE AJNABI - CHANDAN & SAGAR EDIT (MELODIC TECHNO).mp3,Music,166.70866935483872,2345.8015484353687,0.24797691404819489,-152.95999145507812,141.59536743164062,3.689662218093872,33.914520263671875,-0.4775829017162323,16.824024200439453,-2.793252468109131,9.175077438354492,2.402533769607544,3.086210012435913,1.3225114345550537,0.3992457091808319,1.3727772235870361
Ravi B - _ Dance Ka Bhoot Remix _ Official Music Video 2022,/Users/rohan/Downloads/Music/Import New Bollywood/Ravi B - _ Dance Ka Bhoot Remix _ Official Music Video 2022.mp3,Music,135.99917763157896,3314.4836742691205,0.23189856112003326,-100.31147003173828,119.24470520019531,-20.065916061401367,23.56267738342285,-12.504043579101562,18.39036750793457,-7.692873477935791,12.489689826965332,-7.7838592529296875,7.720336437225342,-2.7431070804595947,10.650943756103516,-1.5097811222076416
JRK - Aaja Maria 98 8A,/Users/rohan/Downloads/Music/JRK - Aaja Maria 98 8A.mp3,Reception Dancefloor%%Must Play,98.6842105263158,1884.7580537891367,0.24975711107254028,-181.86309814453125,150.28079223632812,-21.498525619506836,27.53365707397461,12.203219413757324,15.571084976196289,11.357751846313477,11.541372299194336,9.699193000793457,2.130977153778076,4.269112586975098,2.868825912475586,2.543933391571045
Moliy & Silent Addy ft. Skillibeng & Shenseea - Shake It To The Max (FLY) - MarkCutz Miami Bass Remix (Intro - Clean),/Users/rohan/Downloads/Music/Moliy & Silent Addy ft. Skillibeng & Shenseea - Shake It To The Max (FLY) - MarkCutz Miami Bass Remix (Intro - Clean).mp3,Reception Dancefloor%%Must Play,120.18531976744185,3151.547314657777,0.3138217031955719,-71.24478149414062,126.61840057373047,-49.16843795776367,30.049909591674805,-8.876605033874512,13.480437278747559,-11.915318489074707,-2.13344669342041,-5.196553707122803,6.182567596435547,-1.1183093786239624,6.727392196655273,-1.808254361152649
A.R. Rahman - Jai Ho (KVM & Zen Flo Remix) [From Slumdog Millionaire] FINAL MASTER,/Users/rohan/Downloads/Music/A.R. Rahman - Jai Ho (KVM & Zen Flo Remix) [From Slumdog Millionaire] FINAL MASTER.wav,Reception Dancefloor%%Must Play,126.04801829268293,3024.6126126261674,0.26101061701774597,-113.9878921508789,127.38798522949219,-29.135515213012695,35.74177169799805,-9.26010799407959,21.462326049804688,-14.68317699432373,7.300016403198242,-7.655888557434082,-6.434453964233398,1.2543154954910278,-1.860929250717163,-1.926037311553955
HUGEL-Nicone-Sascha-Braemer-Tony-Romera-feat.-Mydoz-Caje-124-4A,/Users/rohan/Downloads/Music/HUGEL-Nicone-Sascha-Braemer-Tony-Romera-feat.-Mydoz-Caje-124-4A.mp3,Reception Dancefloor%%Must Play,123.046875,4627.705442608336,0.1811213493347168,-96.8454818725586,96.63555908203125,3.945495367050171,17.794649124145508,-10.825895309448242,10.645448684692383,-18.032196044921875,1.365511178970337,-21.231321334838867,4.847046375274658,-15.121651649475098,2.275256872177124,-14.519455909729004
Nina-Sky-Move-Ya-Body-saie-Edit-129-12A,/Users/rohan/Downloads/Music/Nina-Sky-Move-Ya-Body-saie-Edit-129-12A.mp3,Reception Dancefloor%%Must Play,129.19921875,3107.7779567081475,0.250224769115448,-136.96705627441406,114.48906707763672,-32.12764358520508,30.934833526611328,-1.543714165687561,13.85908317565918,-18.734182357788086,2.2932252883911133,-7.146816730499268,-9.437853813171387,1.2901923656463623,-1.7022221088409424,-5.708439350128174
Calvin Harris - Summer (Starjack Epic Redrum)[Clean],/Users/rohan/Downloads/Music/Calvin Harris - Summer (Starjack Epic Redrum)[Clean].mp3,Reception Dancefloor%%Must Play,129.19921875,3397.4646371187105,0.31617432832717896,-22.581857681274414,127.00057220458984,-30.40714454650879,35.98618698120117,-14.933387756347656,18.79567527770996,-8.484786987304688,9.783401489257812,-7.435901165008545,4.8889875411987305,-6.937406063079834,5.4763922691345215,-7.082123279571533
Outkast - Hey Ya!,/Users/rohan/Downloads/Music/Outkast - Hey Ya!.mp3,Reception Dancefloor%%Must Play,105.46875,3643.0452426226757,0.22541175782680511,-94.8095703125,114.9544677734375,8.962363243103027,35.70091247558594,-3.35683536529541,26.742664337158203,-3.235062837600708,23.07107162475586,-0.581731915473938,16.001081466674805,-10.192548751831055,8.626740455627441,-4.810644149780273
"The Chainsmokers, Jonita Gandhi, Guru Randhawa - Addicted (ਆਦੀ) feat Zerb, Ink","/Users/rohan/Downloads/Music/The Chainsmokers, Jonita Gandhi, Guru Randhawa - Addicted (ਆਦੀ) feat Zerb, Ink.mp3",Reception Dancefloor%%Must Play,120.18531976744185,2798.8708088531534,0.3138177692890167,-89.29298400878906,131.9915313720703,-9.223297119140625,48.434906005859375,-6.638845920562744,29.888835906982422,-3.4085021018981934,15.970745086669922,0.5022518038749695,10.741081237792969,0.005520398262888193,10.996277809143066,-1.6121405363082886
Waka Flocka Flame ft Wale & Roscoe Dash - No Hands (Club Killers Remix Epic In) Clean CK Cut 12A 140,/Users/rohan/Downloads/Music/Waka Flocka Flame ft Wale & Roscoe Dash - No Hands (Club Killers Remix Epic In) Clean CK Cut 12A 140.mp3,Reception Dancefloor%%Must Play,139.6748310810811,2672.6700356034007,0.3309359550476074,-101.70744323730469,137.5318603515625,-22.2855167388916,58.47922134399414,-20.660144805908203,34.10451889038086,6.41768741607666,7.654441833496094,-0.08786487579345703,5.114311695098877,8.566953659057617,6.023160934448242,5.0404839515686035
Aventura-Bad-Bunny-Volvi-Tony-B-Redrum-Dirty-98-2A,/Users/rohan/Downloads/Music/Aventura-Bad-Bunny-Volvi-Tony-B-Redrum-Dirty-98-2A.mp3,Reception Dancefloor%%Must Play,129.19921875,3564.5474223636406,0.2051866352558136,-131.58164978027344,101.38993835449219,-38.7118034362793,40.30157470703125,-11.581544876098633,17.371435165405273,-5.331896781921387,5.156506538391113,4.916694164276123,-4.789107322692871,-5.32031774520874,2.262343168258667,1.4649041891098022
Eo0 - Brian Matrix Remix (Clean),/Users/rohan/Downloads/Music/Eo0 - Brian Matrix Remix (Clean).mp3,Reception Dancefloor%%Must Play,126.04801829268293,2809.3851956651774,0.2237493097782135,-116.18545532226562,159.55889892578125,-52.09086990356445,43.51926040649414,-17.177812576293945,4.4151434898376465,-15.277361869812012,3.761190414428711,-9.266664505004883,0.880966305732727,-5.46585750579834,1.1107590198516846,2.174943685531616
Bad Bunny - NUEVAYoL - Rebel Remix (Dirty),/Users/rohan/Downloads/Music/Bad Bunny - NUEVAYoL - Rebel Remix (Dirty).mp3,Reception Dancefloor%%Must Play,129.19921875,4648.19772916377,0.34356093406677246,-81.23739624023438,73.65259552001953,-7.412640571594238,54.160640716552734,-9.660554885864258,32.000267028808594,-9.106701850891113,22.53376007080078,1.6342424154281616,12.470974922180176,-4.553241729736328,12.20174789428711,0.49916231632232666
Daddy Yankee - Con Calma - Da Phonk Club Edit,/Users/rohan/Downloads/Music/Daddy Yankee - Con Calma - Da Phonk Club Edit.mp3,Reception Dancefloor%%Must Play,139.6748310810811,3481.67417554902,0.32753661274909973,-72.4080810546875,114.98855590820312,-19.025022506713867,36.64742660522461,-12.837125778198242,28.229936599731445,-6.141086101531982,13.83146858215332,-5.002175331115723,6.621166229248047,-2.7722408771514893,8.981707572937012,1.8086251020431519
Pitbull - Guantanamera (She's Hot) - Alex Selas Alors On Danse Remix,/Users/rohan/Downloads/Music/Pitbull - Guantanamera (She's Hot) - Alex Selas Alors On Danse Remix.mp3,Reception Dancefloor%%Must Play,129.19921875,2950.329732185062,0.25559884309768677,-124.24869537353516,124.6784896850586,-11.260109901428223,43.61985397338867,-10.791742324829102,30.068023681640625,-2.4801809787750244,14.47461986541748,-0.37677088379859924,5.702403545379639,-0.14279212057590485,2.516435384750366,0.9960342049598694
"HUGEL, Lirico En La Casa & Merk & Kremont - Marianela (Qué Pasa)","/Users/rohan/Downloads/Music/HUGEL, Lirico En La Casa & Merk & Kremont - Marianela (Qué Pasa).mp3",Reception Dancefloor%%Must Play,123.046875,3618.188272857313,0.21747657656669617,-85.0653076171875,124.22972869873047,-40.10844421386719,34.40810775756836,-24.23451805114746,31.514911651611328,-18.85557746887207,12.264802932739258,-9.027685165405273,1.9455899000167847,-7.857662200927734,5.011876583099365,-10.070576667785645
Lirico En La Casa - El Motorcito (Intro - Clean) 4A 118,/Users/rohan/Downloads/Music/Lirico En La Casa - El Motorcito (Intro - Clean) 4A 118.mp3,Reception Dancefloor%%Must Play,117.45383522727273,3175.6046859776275,0.18346679210662842,-142.08770751953125,136.76828002929688,-0.10958115756511688,2.891968250274658,-9.608170509338379,29.49323272705078,-12.23694896697998,14.20898723602295,-3.4977264404296875,3.3296453952789307,-10.744342803955078,8.70254898071289,-2.6063573360443115
"Carlos Vives, MichaelBM, Wakyin - Beso (Fruta Fresca) (Fruta Fresca)","/Users/rohan/Downloads/Music/Carlos Vives, MichaelBM, Wakyin - Beso (Fruta Fresca) (Fruta Fresca).mp3",Reception Dancefloor%%Must Play,129.19921875,4400.6931362395335,0.19253234565258026,-121.31449890136719,94.91683197021484,-0.26038089394569397,48.43323516845703,-14.581082344055176,24.69662094116211,-13.220762252807617,10.435397148132324,-11.118059158325195,7.180686950683594,-7.81368350982666,4.013737678527832,-10.157732963562012
Luis-Fonsi-Daddy-Yankee-Despacito-DJ-LEAD-Remix-100-10A,/Users/rohan/Downloads/Music/Luis-Fonsi-Daddy-Yankee-Despacito-DJ-LEAD-Remix-100-10A.mp3,Reception Dancefloor%%Must Play,99.38401442307692,3828.5990829950892,0.28394466638565063,-65.5075454711914,111.06578063964844,-24.33714485168457,32.22943115234375,-1.017490267753601,25.35796356201172,1.5299700498580933,8.800954818725586,6.477232933044434,6.690762042999268,0.09766437858343124,4.460430145263672,1.7777397632598877
Afrojack & Eva Simons vs Third Party - Take Over Control (Frank Williams 2024 Edit) Clean 5B 128,/Users/rohan/Downloads/Music/Afrojack & Eva Simons vs Third Party - Take Over Control (Frank Williams 2024 Edit) Clean 5B 128.mp3,Reception Dancefloor%%Must Play,129.19921875,3552.611734028616,0.31689807772636414,-34.016300201416016,121.28954315185547,-22.968002319335938,44.400936126708984,-12.735511779785156,25.75089454650879,-12.099221229553223,21.701858520507812,-6.66323709487915,3.275209665298462,0.45187634229660034,6.901182651519775,-2.854710817337036
Tyla - Push 2 Start (Santeo Edit) Up. Records,/Users/rohan/Downloads/Music/Tyla - Push 2 Start (Santeo Edit) Up. Records.wav,Reception Dancefloor%%Must Play,129.19921875,3310.8134670054997,0.2232363224029541,-112.07405090332031,120.38076782226562,-5.358104228973389,36.514373779296875,-12.075423240661621,21.587993621826172,-10.245582580566406,19.375463485717773,-3.9749226570129395,7.268792152404785,5.1690754890441895,6.595118045806885,-2.756302833557129
Baby Bash - Suga Suga (Clean Intro) 83,/Users/rohan/Downloads/Music/Baby Bash - Suga Suga (Clean Intro) 83.mp3,Reception Dancefloor%%Must Play,82.03125,2401.5398206172567,0.2562907934188843,-118.77496337890625,152.44354248046875,-3.537113904953003,43.20744323730469,-12.033513069152832,16.287843704223633,-15.022703170776367,0.5667210817337036,-3.391307830810547,-0.5100859999656677,-9.304059028625488,-5.742920398712158,-6.3598527908325195
Ashanti-Only-U-Fuzz-2022-Edit-130-12A,/Users/rohan/Downloads/Music/Ashanti-Only-U-Fuzz-2022-Edit-130-12A.mp3,Reception Dancefloor%%Must Play,129.19921875,2887.80068574724,0.21137508749961853,-99.01591491699219,129.24191284179688,-53.76384735107422,36.340858459472656,-2.625498056411743,24.160179138183594,-4.3010640144348145,6.992618560791016,2.5174431800842285,6.006162643432617,3.807591438293457,2.6022536754608154,-7.2111430168151855
"Bran, Afronom, Mannymore - Lugar Favorito 120","/Users/rohan/Downloads/Music/Bran, Afronom, Mannymore - Lugar Favorito 120.mp3",Reception Dancefloor%%Must Play,120.18531976744185,2411.324843560858,0.19303469359874725,-171.89964294433594,151.5138397216797,26.99045181274414,34.09144973754883,-11.269377708435059,15.673399925231934,0.150338277220726,15.027668952941895,-8.342809677124023,8.418309211730957,1.2827523946762085,3.8055005073547363,-3.7348387241363525
Calvin Harris - Thinking About You - FaceTyme Remix,/Users/rohan/Downloads/Music/Calvin Harris - Thinking About You - FaceTyme Remix.mp3,Reception Dancefloor%%Must Play,129.19921875,3395.951960515975,0.3640507161617279,-60.75090789794922,119.73104095458984,-15.290181159973145,61.2784423828125,-8.798276901245117,34.611698150634766,-11.417356491088867,19.567745208740234,-0.3284371793270111,3.136747360229492,7.213454723358154,6.760762691497803,2.837963819503784
Na Na Na Re full song,/Users/rohan/Downloads/Music/Na Na Na Re full song.mp3,Reception Dancefloor%%Must Play,143.5546875,4368.877977490539,0.13403795659542084,-125.4542236328125,102.8670883178711,-49.43010330200195,56.65430450439453,-23.931241989135742,44.84633255004883,-21.789447784423828,29.975631713867188,-8.496113777160645,12.801796913146973,-3.181826114654541,7.740951061248779,7.718329906463623
Chunnari Chunnari (Wedding Style Remix) _ DJ Kaash _ Biwi No.1 _ Salman Khan _ Sushmita Sen,/Users/rohan/Downloads/Music/Chunnari Chunnari (Wedding Style Remix) _ DJ Kaash _ Biwi No.1 _ Salman Khan _ Sushmita Sen.mp3,Reception Dancefloor%%Must Play,66.25600961538461,3319.6685018040407,0.2832540273666382,-51.178428649902344,130.22674560546875,-47.015472412109375,49.18027877807617,-18.62582778930664,24.782625198364258,-19.579235076904297,20.26243782043457,-3.2169997692108154,13.712862968444824,1.7593077421188354,2.667780876159668,-1.1426093578338623
Drake - Childs Play (Clean),/Users/rohan/Downloads/Music/Drake - Childs Play (Clean).mp3,Reception Dancefloor%%Must Play,79.50721153846153,2724.109271968659,0.2230958789587021,-148.5621795654297,125.60443878173828,-28.175430297851562,41.49118423461914,-5.117809772491455,32.554481506347656,1.3474347591400146,6.188488483428955,9.876253128051758,11.69615650177002,2.079317808151245,7.798555374145508,9.29383373260498
Hero (MetroMix),/Users/rohan/Downloads/Music/Hero (MetroMix).mp3,Reception Dancefloor%%Must Play,129.19921875,3929.392663401762,0.29790031909942627,-28.943044662475586,111.87271118164062,-13.136348724365234,33.97906494140625,-0.9473807215690613,28.242694854736328,-7.276722431182861,14.850936889648438,-2.666473865509033,5.026457786560059,-7.002329349517822,6.088212013244629,-8.448455810546875
Flo Milli  - Never Lose Me (Intro Clean),/Users/rohan/Downloads/Music/Flo Milli  - Never Lose Me (Intro Clean).mp3,Reception Dancefloor%%Must Play,123.046875,3389.341719849975,0.2887413501739502,-116.42102813720703,111.4866714477539,3.721198320388794,48.35053634643555,-10.88299560546875,25.78152847290039,-9.017607688903809,19.80736541748047,-6.043084621429443,11.320460319519043,2.5524332523345947,10.060897827148438,-2.6181561946868896
Flo Milli  - Never Lose Me (Intro Dirty),/Users/rohan/Downloads/Music/Flo Milli  - Never Lose Me (Intro Dirty).mp3,Reception Dancefloor%%Must Play,123.046875,3445.3628444500578,0.2885821461677551,-112.73524475097656,110.228271484375,2.789774179458618,48.690982818603516,-11.462218284606934,25.826135635375977,-9.277153968811035,20.41943359375,-6.784846305847168,11.17507553100586,2.7173140048980713,10.253384590148926,-2.445556879043579
Kendrick Lamar & SZA - luther (Intro Dirty),/Users/rohan/Downloads/Music/Kendrick Lamar & SZA - luther (Intro Dirty).mp3,Reception Dancefloor%%Must Play,139.6748310810811,2976.363124035428,0.2713470757007599,-138.43807983398438,126.14144897460938,25.19561004638672,37.00776672363281,-3.0696165561676025,25.434675216674805,-1.1141480207443237,17.5654354095459,-4.6201090812683105,4.952657222747803,0.35007914900779724,7.200459957122803,3.2179439067840576
Day-N-Nite-Sosa-2021-Edit-Intro,/Users/rohan/Downloads/Music/Day-N-Nite-Sosa-2021-Edit-Intro.mp3,Reception Dancefloor%%Must Play,86.1328125,1753.8121270922836,0.35227128863334656,-163.1981201171875,155.21356201171875,23.59132957458496,35.08070373535156,8.562591552734375,31.66668128967285,-3.3301846981048584,10.47555160522461,-2.5250298976898193,0.43131381273269653,-1.7010010480880737,7.475378036499023,1.9732385873794556
Macklemore & Ryan Lewis ft. Ray Dalton - Can't Hold Us - Richastic Remix (Intro - Clean),/Users/rohan/Downloads/Music/Macklemore & Ryan Lewis ft. Ray Dalton - Can't Hold Us - Richastic Remix (Intro - Clean).mp3,Reception Dancefloor%%Must Play,97.50884433962264,2897.9358296306173,0.38746488094329834,-57.75402069091797,137.6299285888672,-26.652158737182617,42.022552490234375,-12.071098327636719,24.519214630126953,-11.00172233581543,5.4041337966918945,-6.496981143951416,6.9922895431518555,-1.755157709121704,3.9539616107940674,4.18488883972168
Macklemore & Ryan Lewis ft. Ray Dalton - Can't Hold Us - Richastic Remix (Intro - Dirty),/Users/rohan/Downloads/Music/Macklemore & Ryan Lewis ft. Ray Dalton - Can't Hold Us - Richastic Remix (Intro - Dirty).mp3,Reception Dancefloor%%Must Play,97.50884433962264,2897.9358296306173,0.38746488094329834,-57.75402069091797,137.6299285888672,-26.652158737182617,42.022552490234375,-12.071098327636719,24.519214630126953,-11.00172233581543,5.4041337966918945,-6.496981143951416,6.9922895431518555,-1.755157709121704,3.9539616107940674,4.18488883972168
Megan Thee Stallion & Yuki Chiba - Mamushi (ErickaVee Re-Drum Edit),/Users/rohan/Downloads/Music/Megan Thee Stallion & Yuki Chiba - Mamushi (ErickaVee Re-Drum Edit).mp3,Reception Dancefloor%%Must Play,95.703125,3835.8715006233347,0.24966730177402496,-111.63449096679688,110.75444793701172,-8.399620056152344,37.794681549072266,-22.678979873657227,20.788545608520508,-10.112787246704102,12.97011947631836,-0.6943095922470093,-0.4015299677848816,1.0311659574508667,8.451672554016113,-2.899308204650879
Nelly - Ride Wit Me (Clean Intro),/Users/rohan/Downloads/Music/Nelly - Ride Wit Me (Clean Intro).mp3,Reception Dancefloor%%Must Play,101.33272058823529,3203.3925775981156,0.1475304812192917,-160.9164581298828,111.3967056274414,-29.88504981994629,62.88097381591797,0.8113561868667603,27.76116943359375,-5.236041069030762,8.467594146728516,3.9597175121307373,3.696364641189575,-4.306146144866943,3.498483419418335,2.423877239227295
Where Do You Go (Ocean Drive Mix - 127 BPM),/Users/rohan/Downloads/Music/Where Do You Go (Ocean Drive Mix - 127 BPM).mp3,Reception Dancefloor%%Must Play,126.04801829268293,3386.0735340441106,0.11695557087659836,-173.69647216796875,109.94987487792969,-17.025375366210938,52.615299224853516,3.4732768535614014,17.29779624938965,3.6822330951690674,14.131587982177734,4.460858345031738,0.5502771139144897,-1.906050682067871,6.992920875549316,-1.0260887145996094
Notorious B.I.G ft 112 - Sky's The Limit (Clean),/Users/rohan/Downloads/Music/Notorious B.I.G ft 112 - Sky's The Limit (Clean).mp3,Reception Dancefloor%%Must Play,90.66611842105263,3684.596858279775,0.2176247537136078,-100.464599609375,112.0316390991211,-6.678654193878174,62.37300491333008,-10.053801536560059,39.01752471923828,-14.759224891662598,22.366199493408203,-11.305225372314453,10.418133735656738,-2.7408697605133057,6.2173237800598145,-3.1824285984039307
Kisi Disco Mein X Amplifier - Rhythm Flyp (hearthis.at) 2,/Users/rohan/Downloads/Music/Kisi Disco Mein X Amplifier - Rhythm Flyp (hearthis.at) 2.mp3,Reception Dancefloor%%Must Play,89.28571428571429,3524.0073011830923,0.2824709117412567,-82.99580383300781,119.06581115722656,-45.49063491821289,52.4431266784668,-13.029681205749512,26.289445877075195,-19.459829330444336,7.068115711212158,-13.521650314331055,1.7253259420394897,-4.1961236000061035,1.6120210886001587,4.363205432891846
Kisi Disco Mein X Amplifier - Rhythm Flyp (hearthis.at) 3,/Users/rohan/Downloads/Music/Kisi Disco Mein X Amplifier - Rhythm Flyp (hearthis.at) 3.mp3,Reception Dancefloor%%Must Play,89.28571428571429,3524.0073011830923,0.2824709117412567,-82.99580383300781,119.06581115722656,-45.49063491821289,52.4431266784668,-13.029681205749512,26.289445877075195,-19.459829330444336,7.068115711212158,-13.521650314331055,1.7253259420394897,-4.1961236000061035,1.6120210886001587,4.363205432891846
Rihanna - Dont Stop The Music (Afro-House) 123 Bpm 123,/Users/rohan/Downloads/Music/Rihanna - Dont Stop The Music (Afro-House) 123 Bpm 123.mp3,Reception Dancefloor%%Must Play,123.046875,3388.3137510596557,0.3332691788673401,-117.750244140625,100.53140258789062,3.0844476222991943,45.26290512084961,-5.016378402709961,28.11724853515625,-3.1052374839782715,17.040876388549805,-5.646974086761475,12.42721939086914,0.8303629159927368,13.532179832458496,-0.09119724482297897
Stromae - Alors On Danse (Dave Ruthwell 'Tribal' Edit),/Users/rohan/Downloads/Music/Stromae - Alors On Danse (Dave Ruthwell 'Tribal' Edit).mp3,Reception Dancefloor%%Must Play,126.04801829268293,2799.115150381346,0.29037365317344666,-58.80384063720703,139.33888244628906,-38.16458511352539,35.41886520385742,-17.8321590423584,12.608613014221191,-6.832385063171387,16.906661987304688,-0.621172308921814,7.941290378570557,-8.738805770874023,4.076406955718994,5.776491165161133
Tegi Pannu - Schedule (Main),/Users/rohan/Downloads/Music/Tegi Pannu - Schedule (Main).mp3,Reception Dancefloor%%Must Play,92.28515625,2883.805941762852,0.22278966009616852,-133.570556640625,129.2236785888672,-13.815569877624512,17.355735778808594,-19.598085403442383,11.640395164489746,-14.686017036437988,-0.48726657032966614,-13.708296775817871,0.69091796875,-12.438753128051758,-5.182683944702148,-8.528886795043945
The Weeknd - Give Me Mercy [Intro Clean],/Users/rohan/Downloads/Music/The Weeknd - Give Me Mercy [Intro Clean].mp3,Reception Dancefloor%%Must Play,135.99917763157896,2803.944977237199,0.2733749449253082,-114.36979675292969,133.38177490234375,-9.437763214111328,51.2148323059082,-14.110725402832031,29.18244743347168,-9.678388595581055,11.548479080200195,-0.2591334581375122,4.992461204528809,-1.9374406337738037,5.707436561584473,2.2874865531921387
Travis Scott 12A 80 - Topia Twins (Wingman) (Clean - 80BPM),/Users/rohan/Downloads/Music/Travis Scott 12A 80 - Topia Twins (Wingman) (Clean - 80BPM).mp3,Reception Dancefloor%%Must Play,161.4990234375,3120.2165640749818,0.2492033988237381,-134.12548828125,117.53978729248047,-23.756654739379883,50.641197204589844,-13.9462890625,29.093782424926758,-8.912479400634766,1.538299798965454,-0.6907219886779785,-5.015824794769287,-1.917054533958435,-2.0274240970611572,-0.8058382868766785
WOST - BOASTY TEK EDIT 01 (REMIX),/Users/rohan/Downloads/Music/WOST - BOASTY TEK EDIT 01 (REMIX).mp3,Reception Dancefloor%%Must Play,129.19921875,3298.2255523464623,0.3229265809059143,-153.9200439453125,97.90142822265625,-12.574238777160645,55.2388916015625,-0.22886426746845245,34.14322280883789,-5.4986677169799805,25.208280563354492,-2.1220929622650146,10.991673469543457,5.013033866882324,7.354976654052734,6.982566833496094
Beyoncé - Crazy In Love (Steve D Redrum)[CLEAN],/Users/rohan/Downloads/Music/Beyoncé - Crazy In Love (Steve D Redrum)[CLEAN].mp3,Reception Dancefloor%%Must Play,99.38401442307692,3419.0792322834136,0.26969626545906067,-82.36204528808594,111.34822845458984,-39.01373291015625,54.52401351928711,-6.226654052734375,30.276187896728516,-6.586721897125244,21.921796798706055,-0.9216242432594299,9.317231178283691,5.812081336975098,7.32875394821167,6.031641006469727
Ed Sheeran F. Arijit Singh - Sapphire 95,/Users/rohan/Downloads/Music/Ed Sheeran F. Arijit Singh - Sapphire 95.mp3,Reception Dancefloor%%Must Play,95.703125,3319.3967628380146,0.27348262071609497,-101.95549774169922,110.52568817138672,-30.99365997314453,52.716796875,-15.599157333374023,27.388019561767578,-11.348043441772461,13.321372032165527,-3.135646104812622,4.7876458168029785,-2.0156707763671875,8.956256866455078,5.6527323722839355
"Black Eyed Peas, Ozuna & J. Rey Soul - MAMACITA (CK Intro - Clean)","/Users/rohan/Downloads/Music/Black Eyed Peas, Ozuna & J. Rey Soul - MAMACITA (CK Intro - Clean).mp3",Reception Dancefloor%%Must Play,139.6748310810811,2380.9518191243446,0.26986557245254517,-151.4487762451172,130.5737762451172,-4.98479700088501,40.48347473144531,-3.8978419303894043,21.03647232055664,-3.889979600906372,9.959111213684082,-2.171833038330078,8.584395408630371,6.1571550369262695,11.38814926147461,6.67300271987915
"Black Eyed Peas, Ozuna & J. Rey Soul - MAMACITA (CK Intro - Dirty)","/Users/rohan/Downloads/Music/Black Eyed Peas, Ozuna & J. Rey Soul - MAMACITA (CK Intro - Dirty).mp3",Reception Dancefloor%%Must Play,139.6748310810811,2384.2980742565005,0.27551373839378357,-148.83961486816406,130.46995544433594,-4.858394145965576,40.52466583251953,-3.8359615802764893,20.984275817871094,-3.776406764984131,9.981891632080078,-2.0475049018859863,8.60680866241455,6.262448310852051,11.329851150512695,6.698009490966797
One Direction - What Makes You Beautiful (CK Intro - Clean),/Users/rohan/Downloads/Music/One Direction - What Makes You Beautiful (CK Intro - Clean).mp3,Reception Dancefloor%%Must Play,126.04801829268293,3828.7115688968397,0.24972756206989288,-59.913753509521484,111.7643051147461,-28.350072860717773,29.769277572631836,-6.637687683105469,21.11798667907715,-4.7633843421936035,4.995471954345703,2.7918448448181152,7.222860336303711,2.094949245452881,8.429240226745605,1.2929009199142456
133. The Black Eyed Peas - I Gotta Feeling (Intro - Clean) Ck Cut,/Users/rohan/Downloads/Music/133. The Black Eyed Peas - I Gotta Feeling (Intro - Clean) Ck Cut.mp3,Reception Dancefloor%%Must Play,129.19921875,2869.1715836443914,0.2753123342990875,-93.47550964355469,133.81484985351562,-28.264535903930664,38.300907135009766,-6.351334095001221,31.243003845214844,-5.9748005867004395,12.77365493774414,0.17055253684520721,13.156306266784668,3.55552077293396,11.394810676574707,-0.3562188446521759
Pump Up The Jam (Intro - Clean),/Users/rohan/Downloads/Music/Pump Up The Jam (Intro - Clean).mp3,Reception Dancefloor%%Must Play,126.04801829268293,3314.5975911325145,0.22106985747814178,-108.77850341796875,125.90943908691406,-36.088871002197266,66.05685424804688,-12.73585033416748,37.616416931152344,-7.898516654968262,10.56871509552002,9.630159378051758,0.6921301484107971,1.4782613515853882,5.460381031036377,1.0774930715560913
B.O.B. - Airplanes (Zero Tolerance Remix)[Clean],/Users/rohan/Downloads/Music/B.O.B. - Airplanes (Zero Tolerance Remix)[Clean].mp3,Reception Dancefloor%%Must Play,132.51201923076923,2990.7228363714485,0.31714922189712524,-70.6650161743164,137.3513641357422,-30.226835250854492,38.603370666503906,-8.063445091247559,17.839107513427734,-7.33862829208374,2.112856864929199,-5.215496063232422,11.132991790771484,-0.8949198722839355,1.5571426153182983,-3.8573648929595947
Justin Timberlake  (Jay-Z) -  Suit & Tie (Intro),/Users/rohan/Downloads/Music/Justin Timberlake  (Jay-Z) -  Suit & Tie (Intro).mp3,Reception Dancefloor%%Must Play,101.33272058823529,2483.3920457024406,0.2848379909992218,-104.95404052734375,143.80824279785156,-5.896612167358398,36.34724044799805,-4.261183261871338,30.96903419494629,-10.734819412231445,16.639022827148438,3.122415542602539,10.746707916259766,5.466033935546875,10.62541389465332,1.3173528909683228
Billie Eilish - Ocean Eyes,/Users/rohan/Downloads/Music/Billie Eilish - Ocean Eyes.mp3,Reception Dancefloor%%Must Play,97.50884433962264,1849.8603164482633,0.3773607909679413,-180.4857177734375,147.9580841064453,53.855552673339844,42.668033599853516,8.979424476623535,25.19144630432129,-13.301337242126465,25.325956344604492,-10.574950218200684,5.699530601501465,4.412378787994385,-0.15082618594169617,-3.5326573848724365
Suit & Tie (feat. JAY Z),/Users/rohan/Downloads/Music/Suit & Tie (feat. JAY Z).mp3,Reception Dancefloor%%Must Play,101.33272058823529,2484.4149980072543,0.32041457295417786,-108.12797546386719,139.19671630859375,-7.7525410652160645,35.24440383911133,-4.392667293548584,31.627376556396484,-7.266260147094727,17.89682960510254,7.19144344329834,13.938881874084473,5.128199100494385,8.536320686340332,2.83427095413208
Millionaire_320(PagalWorld.com.sb),/Users/rohan/Downloads/Music/Millionaire_320(PagalWorld.com.sb).mp3,Reception Dancefloor%%Must Play,95.703125,3356.3850975837067,0.26906687021255493,-89.11702728271484,129.69476318359375,-15.554999351501465,45.1197624206543,-13.059921264648438,31.16859245300293,-20.80491065979004,20.723073959350586,-2.068416118621826,6.081199645996094,-8.034003257751465,7.965083122253418,0.29643967747688293
Travis Scott - Antidote (CK Intro - Dirty) 2A 65,/Users/rohan/Downloads/Music/Travis Scott - Antidote (CK Intro - Dirty) 2A 65.mp3,Reception Dancefloor%%Hip-Hop,132.51201923076923,2403.2757369596675,0.2914932668209076,-126.19098663330078,141.7829132080078,-23.68258285522461,19.56377601623535,-24.884233474731445,19.371570587158203,-7.1004791259765625,4.551846981048584,-0.5599901676177979,7.365424633026123,-1.381696105003357,9.427960395812988,5.496739387512207
Bryson Tiller - Whatever She Wants (CK Intro - Dirty) 8A 96,/Users/rohan/Downloads/Music/Bryson Tiller - Whatever She Wants (CK Intro - Dirty) 8A 96.mp3,Reception Dancefloor%%Hip-Hop,95.33898305084746,3371.133523898163,0.2870873212814331,-144.24835205078125,117.69605255126953,-13.275592803955078,27.212034225463867,-11.008492469787598,24.030776977539062,-24.82887840270996,4.484370708465576,-1.395266056060791,-2.8717758655548096,-7.376753807067871,8.868207931518555,-3.611659288406372
"Chani Nattan, Miss Pooja ft. Inderpal Moga - Case (DJcity Intro)","/Users/rohan/Downloads/Music/Chani Nattan, Miss Pooja ft. Inderpal Moga - Case (DJcity Intro).mp3",Reception Dancefloor%%Hip-Hop,90.66611842105263,3636.6547189535627,0.2610803246498108,-106.88883209228516,91.26167297363281,-44.52831268310547,7.061413288116455,-24.637371063232422,4.082657814025879,-25.459760665893555,10.007535934448242,-14.50739860534668,-3.0509419441223145,-3.6629269123077393,11.911287307739258,-6.414963245391846
Drake & Central Cee - Which One - Da Phonk Club Edit (Clean),/Users/rohan/Downloads/Music/Drake & Central Cee - Which One - Da Phonk Club Edit (Clean).mp3,Reception Dancefloor%%Hip-Hop,120.18531976744185,2333.969556415635,0.46229660511016846,-120.08367919921875,124.87611389160156,-5.607205867767334,47.67388153076172,7.202291488647461,24.202560424804688,7.377915859222412,15.348549842834473,7.949258804321289,9.400960922241211,3.554065465927124,5.9326019287109375,-0.8381786942481995
Drake & Central Cee - Which One - Da Phonk Club Edit (Dirty),/Users/rohan/Downloads/Music/Drake & Central Cee - Which One - Da Phonk Club Edit (Dirty).mp3,Reception Dancefloor%%Hip-Hop,120.18531976744185,2251.600593910916,0.46302488446235657,-120.68431854248047,129.26092529296875,-10.394448280334473,52.303096771240234,2.4047346115112305,27.447307586669922,4.366772651672363,16.980318069458008,5.925690650939941,10.045931816101074,3.1623995304107666,5.486854076385498,0.04666293412446976
Drake & Central Cee - Which One - Trayze Remix (Clean),/Users/rohan/Downloads/Music/Drake & Central Cee - Which One - Trayze Remix (Clean).mp3,Reception Dancefloor%%Hip-Hop,132.51201923076923,2556.141619417215,0.4165985882282257,-100.23213958740234,133.58753967285156,-15.633564949035645,48.95604705810547,-3.741071939468384,17.661540985107422,-1.8154067993164062,10.828393936157227,3.132483720779419,4.725729465484619,-0.6745738983154297,5.640861511230469,2.657120943069458
Drake & Central Cee - Which One - Trayze Remix (Dirty),/Users/rohan/Downloads/Music/Drake & Central Cee - Which One - Trayze Remix (Dirty).mp3,Reception Dancefloor%%Hip-Hop,132.51201923076923,2604.9619906983603,0.4170208275318146,-97.11786651611328,132.6415252685547,-16.99471092224121,49.53202438354492,-4.221961975097656,17.9537410736084,-1.967638373374939,10.68175983428955,2.6404378414154053,4.722548007965088,-0.5176512598991394,5.858987331390381,2.5430307388305664
Jay-Z - Public Service Announcement (Interlude) (CK Intro - Clean),/Users/rohan/Downloads/Music/Jay-Z - Public Service Announcement (Interlude) (CK Intro - Clean).mp3,Reception Dancefloor%%Hip-Hop,89.10290948275862,2743.9608132863195,0.18847188353538513,-120.73546600341797,143.8006591796875,-59.87041473388672,18.312103271484375,8.651968955993652,-3.2839322090148926,-13.78654956817627,-4.12553596496582,4.0732741355896,0.09394057095050812,-9.506184577941895,1.4094860553741455,-5.232213497161865
Jay-Z - Public Service Announcement (Interlude) (CK Intro - Dirty),/Users/rohan/Downloads/Music/Jay-Z - Public Service Announcement (Interlude) (CK Intro - Dirty).mp3,Reception Dancefloor%%Hip-Hop,89.10290948275862,2775.3919305333347,0.19014352560043335,-119.141845703125,143.00839233398438,-60.00175476074219,18.928688049316406,8.474111557006836,-3.145552158355713,-13.574832916259766,-4.005423069000244,3.921057939529419,0.20128384232521057,-9.660027503967285,1.38724684715271,-5.242653846740723
Kanye West - Cant Tell Me Nothing (Intro - Clean),/Users/rohan/Downloads/Music/Kanye West - Cant Tell Me Nothing (Intro - Clean).mp3,Reception Dancefloor%%Hip-Hop,79.50721153846153,2607.060626283193,0.26055049896240234,-106.39478302001953,136.1764373779297,-24.93687629699707,52.81602478027344,-1.8725227117538452,24.504980087280273,-4.231232166290283,14.839983940124512,5.47206449508667,6.256838321685791,6.45123815536499,11.35327434539795,4.70426082611084
Kendrick Lamar - Not Like Us (CK Intro - Clean) 9A 101 (2),/Users/rohan/Downloads/Music/Kendrick Lamar - Not Like Us (CK Intro - Clean) 9A 101 (2).mp3,Reception Dancefloor%%Hip-Hop,100.44642857142857,2206.6829302612846,0.31748244166374207,-170.62733459472656,147.4191436767578,-10.228824615478516,46.998043060302734,-15.03203010559082,28.979633331298828,-4.417446136474609,5.845701694488525,5.347720623016357,-0.6703325510025024,5.1853837966918945,1.8882520198822021,11.347535133361816
LL Cool J - Jingling Baby (Clean  Intro),/Users/rohan/Downloads/Music/LL Cool J - Jingling Baby (Clean  Intro).mp3,Reception Dancefloor%%Hip-Hop,112.34714673913044,2334.9617780224917,0.21987324953079224,-145.74380493164062,145.3702850341797,-38.04167556762695,62.73206329345703,5.512681484222412,12.232048034667969,17.665611267089844,-0.42146816849708557,19.54109764099121,6.137576103210449,5.755430698394775,2.607630968093872,2.502551794052124
Migos - Versace (Clean),/Users/rohan/Downloads/Music/Migos - Versace (Clean).mp3,Reception Dancefloor%%Hip-Hop,132.51201923076923,2973.695075954348,0.34234291315078735,-117.24170684814453,124.43820190429688,-19.20140838623047,39.33066940307617,-13.785016059875488,32.72267150878906,-8.346630096435547,8.170576095581055,-6.855828762054443,5.134537696838379,-1.7817658185958862,14.78018856048584,4.817583084106445
Nardo Wick - Dah Dah DahDah (CK Intro - Dirty) 2A 84,/Users/rohan/Downloads/Music/Nardo Wick - Dah Dah DahDah (CK Intro - Dirty) 2A 84.mp3,Reception Dancefloor%%Hip-Hop,166.70866935483872,2357.2988532672944,0.29433760046958923,-164.5360107421875,137.5089569091797,-16.155059814453125,28.4302978515625,-22.26850700378418,19.344322204589844,4.202552795410156,1.3723809719085693,-0.38029494881629944,6.81728458404541,-1.1333903074264526,10.043464660644531,2.464715003967285
Shubh - Cheques (Intro),/Users/rohan/Downloads/Music/Shubh - Cheques (Intro).mp3,Reception Dancefloor%%Hip-Hop,90.66611842105263,2078.517154165974,0.22966685891151428,-167.16526794433594,158.9102325439453,-14.36005687713623,23.00145149230957,3.8994483947753906,17.797693252563477,-15.89870548248291,8.751700401306152,5.548606872558594,0.4501374065876007,2.0670676231384277,3.6436052322387695,-0.834293782711029
The Weeknd Ft Future Low Life Redrum Dirty,/Users/rohan/Downloads/Music/The Weeknd Ft Future Low Life Redrum Dirty.mp3,Reception Dancefloor%%Hip-Hop,95.703125,3709.9967391111227,0.20156876742839813,-133.2343292236328,117.08257293701172,-6.31951379776001,23.023086547851562,-26.99681854248047,10.384133338928223,-28.008041381835938,16.578638076782227,-6.15493106842041,-1.5439956188201904,-12.7080078125,7.674428462982178,-2.8397066593170166
Jay-Z & Kanye West - Niggas In Paris (CK Intro - Dirty),/Users/rohan/Downloads/Music/Jay-Z & Kanye West - Niggas In Paris (CK Intro - Dirty).mp3,Reception Dancefloor%%Hip-Hop,139.6748310810811,3135.5217684928957,0.25643178820610046,-106.94622802734375,125.49187469482422,-16.729738235473633,28.18621253967285,1.3257485628128052,23.71403694152832,-7.990455627441406,10.516789436340332,5.402260780334473,0.9908857345581055,-3.6262075901031494,4.253325462341309,-3.2210311889648438
Akon ft Eminem  - Smack That (CK Intro - Dirty),/Users/rohan/Downloads/Music/Akon ft Eminem  - Smack That (CK Intro - Dirty).mp3,Reception Dancefloor%%Hip-Hop,59.40193965517241,3331.691468183352,0.20530804991722107,-112.39647674560547,118.44378662109375,-25.569475173950195,49.31339645385742,-18.444185256958008,23.10358428955078,-12.237173080444336,18.47022247314453,-1.37003755569458,3.268601894378662,4.869699001312256,0.8337433338165283,1.0979256629943848
Dr Dre ft Snoop Dogg - Still D.R.E. (CK Intro - Clean),/Users/rohan/Downloads/Music/Dr Dre ft Snoop Dogg - Still D.R.E. (CK Intro - Clean) .mp3,Reception Dancefloor%%Hip-Hop,93.96306818181819,3025.657503749133,0.27371129393577576,-89.59342193603516,136.4666748046875,-23.0837345123291,37.20145797729492,-22.87833023071289,18.251432418823242,-15.877488136291504,5.476722717285156,-1.647744059562683,9.17048168182373,0.08935823291540146,7.299168109893799,-0.7913722991943359
"Bruno Mars & Sexyy Red - Fat, Juicy, & Wet (DJ ROCCO & DJ EVER B R&B Remix) (Clean)","/Users/rohan/Downloads/Music/Bruno Mars & Sexyy Red - Fat, Juicy, & Wet (DJ ROCCO & DJ EVER B R&B Remix) (Clean).mp3",Reception Dancefloor%%Hip-Hop,103.359375,2421.4319316435494,0.3970491290092468,-69.0221176147461,148.40782165527344,-15.10593318939209,45.79191207885742,-19.394800186157227,15.682185173034668,-7.558278560638428,5.203850746154785,-11.948671340942383,-1.6637825965881348,-7.250777244567871,-5.297268867492676,-0.9027894139289856
"Bruno Mars & Sexyy Red - Fat, Juicy, & Wet (DJ ROCCO & DJ EVER B R&B Remix) (Dirty)","/Users/rohan/Downloads/Music/Bruno Mars & Sexyy Red - Fat, Juicy, & Wet (DJ ROCCO & DJ EVER B R&B Remix) (Dirty).mp3",Reception Dancefloor%%Hip-Hop,103.359375,2471.7795107996762,0.39843401312828064,-67.31041717529297,146.4487762451172,-15.339447975158691,47.520240783691406,-19.32115936279297,16.22934913635254,-8.165390968322754,4.522497653961182,-12.16954517364502,-2.1239047050476074,-7.239989280700684,-5.420845031738281,-1.0437664985656738
41-Kyle-Richh-Jenn-Carter-TaTa-Sexyy-Red-Bent-Remix-Intro-Dirty-124-8A,/Users/rohan/Downloads/Music/41-Kyle-Richh-Jenn-Carter-TaTa-Sexyy-Red-Bent-Remix-Intro-Dirty-124-8A.mp3,Reception Dancefloor%%Hip-Hop,123.046875,1934.2748668252186,0.4198594093322754,-110.6722412109375,157.87359619140625,-18.239269256591797,31.073020935058594,2.5628247261047363,18.61979103088379,-3.6102144718170166,12.809642791748047,3.184326171875,8.052470207214355,0.9196375608444214,10.982978820800781,0.5443426966667175
A Boogie With Da Hoodie - Jungle (Collini Electronic Pulse Redrum Edit) (Dirty) 6A 95,/Users/rohan/Downloads/Music/A Boogie With Da Hoodie - Jungle (Collini Electronic Pulse Redrum Edit) (Dirty) 6A 95.mp3,Reception Dancefloor%%Hip-Hop,95.703125,2950.1854335681937,0.2136671245098114,-143.5960235595703,130.5855712890625,-22.46510887145996,32.69966506958008,-12.2516450881958,10.974207878112793,-10.316937446594238,6.809855937957764,5.931877613067627,3.666505813598633,0.4150847792625427,2.9964802265167236,0.7951408624649048
Bryson Tiller - Whatever She Wants (Dirty),/Users/rohan/Downloads/Music/Bryson Tiller - Whatever She Wants (Dirty).mp3,Reception Dancefloor%%Hip-Hop,95.703125,3499.1086596960927,0.2879464328289032,-136.29205322265625,108.91986846923828,-7.940649032592773,21.596120834350586,-6.637253284454346,19.37592124938965,-25.088987350463867,6.991049289703369,-3.582035779953003,-3.4584102630615234,-6.642822265625,10.789114952087402,-9.818699836730957
DaBaby-SHAKE-SUMN-Intro-Clean-143-1A,/Users/rohan/Downloads/Music/DaBaby-SHAKE-SUMN-Intro-Clean-143-1A.mp3,Reception Dancefloor%%Hip-Hop,71.77734375,2348.635112546095,0.3658216595649719,-125.40724182128906,139.4157257080078,-21.780046463012695,38.2762336730957,-4.051708221435547,24.047779083251953,1.2722642421722412,5.446669101715088,6.136178493499756,2.904418468475342,4.196211338043213,6.807187080383301,4.9946675300598145
DJ-Snake-feat.-Future-Travis-Scott-Tsunami-HMC-Pt.-2-Intro-Clean-70-1A,/Users/rohan/Downloads/Music/DJ-Snake-feat.-Future-Travis-Scott-Tsunami-HMC-Pt.-2-Intro-Clean-70-1A.mp3,Reception Dancefloor%%Hip-Hop,139.6748310810811,3327.260705739897,0.544464111328125,-23.828420639038086,117.68599700927734,2.577890634536743,40.070777893066406,-13.29404067993164,27.864795684814453,-5.6882853507995605,13.392738342285156,-0.46400484442710876,7.381789207458496,-3.3233158588409424,8.75167465209961,2.7110595703125
Drake - N 2 Deep (Intro)[Clean],/Users/rohan/Downloads/Music/Drake - N 2 Deep (Intro)[Clean].mp3,Reception Dancefloor%%Hip-Hop,92.28515625,2159.9570222545576,0.19792728126049042,-168.4810791015625,153.93356323242188,-1.486246943473816,36.62022018432617,-3.4724552631378174,17.543243408203125,-15.750656127929688,0.4900139570236206,1.6812782287597656,-3.4179093837738037,-2.117172956466675,-3.304344654083252,-4.553472995758057
Drake - N 2 Deep (Intro)[Dirty],/Users/rohan/Downloads/Music/Drake - N 2 Deep (Intro)[Dirty].mp3,Reception Dancefloor%%Hip-Hop,92.28515625,2159.671329664703,0.1979912966489792,-168.44842529296875,153.8920135498047,-1.4520862102508545,36.59619140625,-3.4820361137390137,17.53263282775879,-15.759773254394531,0.5068236589431763,1.7044334411621094,-3.38134765625,-2.1206605434417725,-3.3247103691101074,-4.557345867156982
Drake-feat.-Central-Cee-Which-One-Clean-120-7A,/Users/rohan/Downloads/Music/Drake-feat.-Central-Cee-Which-One-Clean-120-7A.mp3,Reception Dancefloor%%Hip-Hop,120.18531976744185,2112.524961626262,0.4346061646938324,-151.31365966796875,129.2181396484375,6.122653961181641,46.36448669433594,1.2310922145843506,17.85605812072754,5.1509552001953125,12.877198219299316,10.69902515411377,8.918638229370117,2.3353285789489746,4.29290771484375,-1.6272958517074585
Future & Lil Uzi Vert - Drankin N Smokin (CK Intro - Dirty) 7A 76,/Users/rohan/Downloads/Music/Future & Lil Uzi Vert - Drankin N Smokin (CK Intro - Dirty) 7A 76.mp3,Reception Dancefloor%%Hip-Hop,151.99908088235293,2787.28215345815,0.28686589002609253,-140.2223358154297,123.51643371582031,-9.25602912902832,46.24177551269531,-10.101419448852539,36.685455322265625,-2.3690242767333984,7.19903039932251,4.087822914123535,11.214629173278809,-1.2201812267303467,8.921334266662598,9.729260444641113
Future Ft. Drake - Where Ya At (Dirty Intro) 108,/Users/rohan/Downloads/Music/Future Ft. Drake - Where Ya At (Dirty Intro) 108.mp3,Reception Dancefloor%%Hip-Hop,161.4990234375,2328.5083063522898,0.37514781951904297,-138.33602905273438,131.48867797851562,6.015573024749756,49.667667388916016,1.7026150226593018,39.174285888671875,-9.550806045532227,16.714874267578125,0.38152623176574707,0.17182818055152893,1.3034664392471313,8.918076515197754,4.6762590408325195
Lil-Uzi-Vert-Chanel-Boy-Intro-Dirty-70-3A,/Users/rohan/Downloads/Music/Lil-Uzi-Vert-Chanel-Boy-Intro-Dirty-70-3A.mp3,Reception Dancefloor%%Hip-Hop,139.6748310810811,3866.6953459750653,0.3424549996852875,-54.09396743774414,105.28916931152344,-29.12320327758789,30.883495330810547,-23.445341110229492,27.165699005126953,-12.6416597366333,9.231697082519531,-5.4665398597717285,6.533310413360596,-3.1439735889434814,13.459681510925293,-1.952357292175293
Saweetie-Tap-In-Intro-Clean-100-5A,/Users/rohan/Downloads/Music/Saweetie-Tap-In-Intro-Clean-100-5A.mp3,Reception Dancefloor%%Hip-Hop,99.38401442307692,3257.085654580347,0.2584969103336334,-152.7423553466797,106.84153747558594,-10.121232032775879,33.88518142700195,4.557281017303467,29.976478576660156,-4.63638973236084,21.228206634521484,8.876334190368652,3.5567502975463867,4.857024192810059,3.6014325618743896,0.6441264748573303
Saweetie-Tap-In-PeteDown-Mix-Clean-100-5A,/Users/rohan/Downloads/Music/Saweetie-Tap-In-PeteDown-Mix-Clean-100-5A.mp3,Reception Dancefloor%%Hip-Hop,99.38401442307692,3874.5620044653606,0.3437024652957916,-104.06382751464844,95.33555603027344,-2.2222185134887695,35.51016616821289,5.620946407318115,30.362817764282227,-2.4266202449798584,24.717805862426758,5.400528907775879,9.847188949584961,2.918724298477173,7.847801208496094,-0.6710958480834961
Akon  -  Don't Matter (Intro),/Users/rohan/Downloads/Music/Akon  -  Don't Matter (Intro).mp3,Reception Dancefloor%%Hip-Hop,126.04801829268293,4062.884556743756,0.21306194365024567,-130.67440795898438,93.7685775756836,3.786484718322754,35.82502365112305,-11.513300895690918,16.43303108215332,-9.63914966583252,14.804237365722656,-7.504260540008545,-4.068935394287109,0.8603218793869019,2.497631788253784,-7.271803379058838
Travis Scott &038; CHASE B - 01 FE!N (CHASE B REMIX),/Users/rohan/Downloads/Music/Travis Scott &038; CHASE B - 01 FE!N (CHASE B REMIX).m4a,Reception Dancefloor%%Hip-Hop,129.19921875,4783.916809470067,0.2726445496082306,-68.04662322998047,88.38572692871094,7.854290962219238,29.39262580871582,1.611539602279663,15.230217933654785,3.4797801971435547,1.9529129266738892,2.9871630668640137,6.275333404541016,7.784648895263672,7.793096542358398,6.752835273742676
A Sky Full Of Stars (Robin Schulz Remix),/Users/rohan/Downloads/Music/A Sky Full Of Stars (Robin Schulz Remix).mp3,Reception Dancefloor%%Hip-Hop,123.046875,3402.111043558403,0.18329225480556488,-164.0585174560547,117.41464233398438,-2.7727794647216797,34.011756896972656,1.7173067331314087,24.40178871154785,-5.807534217834473,10.342984199523926,-0.717735767364502,4.853757858276367,-2.1887621879577637,0.10255219787359238,-0.6379122138023376
HUGEL - WTF - Tujamo Remix (Dirty),/Users/rohan/Downloads/Music/HUGEL - WTF - Tujamo Remix (Dirty).mp3,Reception Dancefloor%%Hip-Hop,126.04801829268293,3682.553367362948,0.32429739832878113,-16.06976318359375,120.98563385009766,-23.70560646057129,45.84832000732422,-19.70096778869629,23.186975479125977,-13.300775527954102,14.901522636413574,-5.523047924041748,8.334310531616211,-5.200639724731445,9.822593688964844,-6.049910545349121
John-Summit-Hayla-Where-You-Are-Radio-Edit-126-8A,/Users/rohan/Downloads/Music/John-Summit-Hayla-Where-You-Are-Radio-Edit-126-8A.mp3,Reception Dancefloor%%Hip-Hop,126.04801829268293,3296.3239171578443,0.3523062467575073,-70.9619140625,123.7352066040039,-4.556913375854492,23.068090438842773,-18.247844696044922,32.50458908081055,-12.918258666992188,16.469701766967773,0.6968143582344055,9.920684814453125,3.6060831546783447,8.894944190979004,-2.1304869651794434
Boy's A Liar Pt. 2 (HOEST & Sev House Edit),/Users/rohan/Downloads/Music/Boy's A Liar Pt. 2 (HOEST & Sev House Edit).mp3,Reception Dancefloor%%Hip-Hop,132.51201923076923,3505.9941277499224,0.3700092136859894,-86.36189270019531,113.54449462890625,1.038879632949829,44.641700744628906,-16.078441619873047,28.95893669128418,-4.614789009094238,15.416118621826172,-6.668272018432617,6.7396955490112305,1.1329307556152344,2.450486183166504,-2.2937839031219482
Nicky Jam - Hasta El Amanecer  Intro,/Users/rohan/Downloads/Music/Nicky Jam - Hasta El Amanecer  Intro .mp3,Reception Dancefloor%%Pop ␛␛2f Top 40,93.96306818181819,2780.783763461078,0.20959065854549408,-147.47714233398438,127.5884780883789,-15.175947189331055,35.26318359375,-5.943313121795654,26.5865478515625,-22.66140365600586,1.7737855911254883,-5.044060230255127,-3.217632532119751,-12.63382625579834,-3.248342514038086,-0.039071664214134216
Avicii - Levels (Retrovision Remix) (Even Steve Epic Intro) Clean 12A 128,/Users/rohan/Downloads/Music/Avicii - Levels (Retrovision Remix) (Even Steve Epic Intro) Clean 12A 128.mp3,Reception Dancefloor%%Pop ␛␛2f Top 40,129.19921875,4790.1000766583975,0.30830371379852295,5.764466285705566,85.7284927368164,-31.249238967895508,47.38507843017578,-12.466150283813477,18.988466262817383,-13.497085571289062,14.064029693603516,-8.685510635375977,13.050971984863281,-8.046219825744629,9.561721801757812,-7.375693321228027
Chief Keef vs MR.BLACK - Don't Like (Even Steve 'After Party' Bootleg) Intro - Dirty 11A 128,/Users/rohan/Downloads/Music/Even Steve - Useful Edits/Chief Keef vs MR.BLACK - Don't Like (Even Steve 'After Party' Bootleg) Intro - Dirty 11A 128.mp3,Reception Dancefloor%%Pop ␛␛2f Top 40,129.19921875,3591.8847097047005,0.3773757815361023,-57.27949523925781,107.97612762451172,-26.334325790405273,47.23770523071289,-16.418712615966797,31.420257568359375,-14.065184593200684,20.07663345336914,0.0734771192073822,12.287980079650879,-2.57639479637146,12.121987342834473,4.628004550933838
Avicii-feat.-Aloe-Blacc-Wake-Me-Up-SRY-2023-Remix-128-10A,/Users/rohan/Downloads/Music/Avicii-feat.-Aloe-Blacc-Wake-Me-Up-SRY-2023-Remix-128-10A.mp3,Reception Dancefloor%%Pop ␛␛2f Top 40,129.19921875,3181.615757941073,0.17699214816093445,-81.5372085571289,140.12417602539062,-19.615005493164062,36.25490951538086,-19.641498565673828,23.32911491394043,-11.179969787597656,9.763790130615234,-10.602703094482422,5.573439598083496,-9.429914474487305,7.604414939880371,-2.94315505027771
Jay-Sean-vs.-WildVibes-Patrick-Key-Down-Dario-Valli-2023-Edit-128-10B,/Users/rohan/Downloads/Music/Jay-Sean-vs.-WildVibes-Patrick-Key-Down-Dario-Valli-2023-Edit-128-10B.mp3,Reception Dancefloor%%Pop ␛␛2f Top 40,129.19921875,3400.5111224827842,0.21086814999580383,-67.79325866699219,130.56143188476562,-27.01970100402832,31.196950912475586,-24.853055953979492,31.63029670715332,-21.638134002685547,11.320368766784668,-9.614420890808105,10.627596855163574,-10.764725685119629,7.419747352600098,-3.1281895637512207
John-Summit-Hayla-Where-You-Are-Zedd-Remix-Radio-Edit-130-8A,/Users/rohan/Downloads/Music/John-Summit-Hayla-Where-You-Are-Zedd-Remix-Radio-Edit-130-8A.mp3,Reception Dancefloor%%Pop ␛␛2f Top 40,129.19921875,3072.8234258184552,0.20801827311515808,-81.78700256347656,138.12173461914062,-21.347993850708008,25.536304473876953,-21.60036849975586,22.54640769958496,-17.013944625854492,8.740022659301758,-3.240588903427124,2.684119939804077,-1.3835114240646362,3.8812947273254395,-4.999417304992676
Mark-Villa-Riptide-125-5A,/Users/rohan/Downloads/Music/Mark-Villa-Riptide-125-5A.mp3,Reception Dancefloor%%Pop ␛␛2f Top 40,126.04801829268293,3871.207711947834,0.33644941449165344,-56.773860931396484,103.24520874023438,-16.98808479309082,30.711484909057617,0.4291156828403473,27.598905563354492,-2.3497254848480225,14.745966911315918,-1.2903449535369873,12.553173065185547,-5.716614723205566,7.109711170196533,-5.032036304473877
Rufus-Du-Sol-Innerbloom-Franz-Ragga-2021-Mix-127-6A,/Users/rohan/Downloads/Music/Rufus-Du-Sol-Innerbloom-Franz-Ragga-2021-Mix-127-6A.mp3,Reception Dancefloor%%Pop ␛␛2f Top 40,126.04801829268293,3091.9894745857714,0.27536633610725403,-99.82918548583984,123.11481475830078,-11.547162055969238,46.625152587890625,-1.2392668724060059,28.371259689331055,-2.1874868869781494,16.311046600341797,0.20389679074287415,6.1675615310668945,-4.013226509094238,3.573326826095581,-1.3390871286392212
Teriyaki Boyz - Tokyo Drift (HayaT Remix) Clean 2A 127,/Users/rohan/Downloads/Music/Teriyaki Boyz - Tokyo Drift (HayaT Remix) Clean 2A 127.mp3,Reception Dancefloor%%Pop ␛␛2f Top 40,126.04801829268293,3375.1661594885554,0.26759999990463257,-73.63825225830078,124.08122253417969,-43.97018051147461,23.688560485839844,-4.325812339782715,21.133251190185547,-10.999995231628418,6.208518028259277,-6.408961772918701,4.324775695800781,-2.1651923656463623,4.116727352142334,-2.698183298110962
Simen-Sez-Champagne-Navajo-114,/Users/rohan/Downloads/Music/Simen-Sez-Champagne-Navajo-114.mp3,Reception Dancefloor%%Pop ␛␛2f Top 40,56.79086538461539,1953.149662359033,0.25621411204338074,-183.22816467285156,140.72618103027344,-0.4051521122455597,53.306732177734375,8.936025619506836,15.27200698852539,4.8285603523254395,7.82445764541626,-4.5282135009765625,0.48812469840049744,2.40317440032959,0.5848857164382935,4.278171539306641
The-Weeknd-Playboi-Carti-Timeless-THUGLI-Remix-Dirty-125-10A,/Users/rohan/Downloads/Music/The-Weeknd-Playboi-Carti-Timeless-THUGLI-Remix-Dirty-125-10A.mp3,Reception Dancefloor%%Pop ␛␛2f Top 40,126.04801829268293,3294.347391000614,0.23944559693336487,-109.96318817138672,121.40593719482422,-15.098094940185547,49.97171401977539,-22.37820816040039,17.151552200317383,-15.700745582580566,6.678047180175781,-7.204339027404785,1.2969303131103516,0.9079136252403259,-4.562941551208496,-0.2784096896648407
