index,title,crate,raw_path_repr,normalized_path,reason,error
0,HUGEL-David-Guetta-Kehlani-Daecolm-Think-Of-Me-120-3B,Reception Dancefloor%%Rap,'Users/rohan/Downloads/Music/HUGEL-David-Guetta-Kehlani-Daecolm-Think-Of-Me-120-3B.mp3',Users/rohan/Downloads/Music/HUGEL-David-Guetta-Kehlani-Daecolm-Think-Of-Me-120-3B.mp3,file_not_found,
1,HUGEL-SOLTO-FR-Jamaican-Bam-Bam-ATCG-Edit-128-8A,Reception Dancefloor%%Rap,'Users/rohan/Downloads/Music/HUGEL-SOLTO-FR-Jamaican-Bam-Bam-ATCG-Edit-128-8A.mp3',Users/rohan/Downloads/Music/HUGEL-SOLTO-FR-Jamaican-Bam-Bam-ATCG-Edit-128-8A.mp3,file_not_found,
2,Sister-Nancy-Bam-Bam-Federico-Bolletta-5HOURS-Remix-124-8A,Reception Dancefloor%%Rap,'Users/rohan/Downloads/Music/Sister-Nancy-Bam-Bam-Federico-Bolletta-5HOURS-Remix-124-8A.mp3',Users/rohan/Downloads/Music/Sister-Nancy-Bam-Bam-Federico-Bolletta-5HOURS-Remix-124-8A.mp3,file_not_found,
3,J-Balvin-Willy-William-Mi-Gente-ATGC-Remix-122-9A,Reception Dancefloor%%Rap,'Users/rohan/Downloads/Music/J-Balvin-Willy-William-Mi-Gente-ATGC-Remix-122-9A.mp3',Users/rohan/Downloads/Music/J-Balvin-Willy-William-Mi-Gente-ATGC-Remix-122-9A.mp3,file_not_found,
4,Tyla - Water (CK Intro - Clean) 3A 117,Reception Dancefloor%%Rap,'Users/rohan/Downloads/Music/Tyla - Water (CK Intro - Clean) 3A 117.mp3',Users/rohan/Downloads/Music/Tyla - Water (CK Intro - Clean) 3A 117.mp3,file_not_found,
5,Teejay-Davido-Drift-Remix-Intro-Clean-100-7A,Reception Dancefloor%%Rap,'Users/rohan/Downloads/Music/Teejay-Davido-Drift-Remix-Intro-Clean-100-7A.mp3',Users/rohan/Downloads/Music/Teejay-Davido-Drift-Remix-Intro-Clean-100-7A.mp3,file_not_found,
6,WizTheMc-bees-honey-Take-My-Mind-Radio-Edit-114-2A,Reception Dancefloor%%Rap,'Users/rohan/Downloads/Music/WizTheMc-bees-honey-Take-My-Mind-Radio-Edit-114-2A.mp3',Users/rohan/Downloads/Music/WizTheMc-bees-honey-Take-My-Mind-Radio-Edit-114-2A.mp3,file_not_found,
7,Burna-Boy-Dont-Let-Me-Drown-113-12B,Reception Dancefloor%%Rap,'Users/rohan/Downloads/Music/Burna-Boy-Dont-Let-Me-Drown-113-12B.mp3',Users/rohan/Downloads/Music/Burna-Boy-Dont-Let-Me-Drown-113-12B.mp3,file_not_found,
8,Nicki-Minaj-FTCU-Booty-Patrol-Remix-Dirty-140-2A,Reception Dancefloor%%Rap,'Users/rohan/Downloads/Music/Nicki-Minaj-FTCU-Booty-Patrol-Remix-Dirty-140-2A.mp3',Users/rohan/Downloads/Music/Nicki-Minaj-FTCU-Booty-Patrol-Remix-Dirty-140-2A.mp3,file_not_found,
9,The Weeknd - The Hills - Diego Druck Remix (Dirty),Reception Dancefloor%%Rap,'Users/rohan/Downloads/Music/The Weeknd - The Hills - Diego Druck Remix (Dirty).mp3',Users/rohan/Downloads/Music/The Weeknd - The Hills - Diego Druck Remix (Dirty).mp3,file_not_found,
10,Jack-Harlow-Lovin-On-Me-Hiram-Edit-Dirty-113-6A,Reception Dancefloor%%Rap,'Users/rohan/Downloads/Music/Jack-Harlow-Lovin-On-Me-Hiram-Edit-Dirty-113-6A.mp3',Users/rohan/Downloads/Music/Jack-Harlow-Lovin-On-Me-Hiram-Edit-Dirty-113-6A.mp3,file_not_found,
11,Justin-Bieber-YUKON-DJU-DJU-Remix-102-11A,Reception Dancefloor%%Rap,'Users/rohan/Downloads/Music/Justin-Bieber-YUKON-DJU-DJU-Remix-102-11A.mp3',Users/rohan/Downloads/Music/Justin-Bieber-YUKON-DJU-DJU-Remix-102-11A.mp3,file_not_found,
12,Tesher - Mi Gente x Badtameez Dil,Reception Dancefloor%%Rap,'Users/rohan/Downloads/Music/Tesher - Mi Gente x Badtameez Dil.mp3',Users/rohan/Downloads/Music/Tesher - Mi Gente x Badtameez Dil.mp3,file_not_found,
13,Rihanna-Pour-It-Up-Kira-Edit-Clean-135-11A,Reception Dancefloor%%Rap,'Users/rohan/Downloads/Music/Rihanna-Pour-It-Up-Kira-Edit-Clean-135-11A.mp3',Users/rohan/Downloads/Music/Rihanna-Pour-It-Up-Kira-Edit-Clean-135-11A.mp3,file_not_found,
14,El-Alfa-4K-QURE-Edit-Dirty-122-2A,Reception Dancefloor%%Rap,'Users/rohan/Downloads/Music/El-Alfa-4K-QURE-Edit-Dirty-122-2A.mp3',Users/rohan/Downloads/Music/El-Alfa-4K-QURE-Edit-Dirty-122-2A.mp3,file_not_found,
15,Don-Toliver-FWU-RED-SIP-Remix-Dirty-132-5A,Reception Dancefloor%%Rap,'Users/rohan/Downloads/Music/Don-Toliver-FWU-RED-SIP-Remix-Dirty-132-5A.mp3',Users/rohan/Downloads/Music/Don-Toliver-FWU-RED-SIP-Remix-Dirty-132-5A.mp3,file_not_found,
16,Pasoori_320(PagalWorld.com.sb),Reception Dancefloor%%Rap,'Users/rohan/Downloads/Music/Pasoori_320(PagalWorld.com.sb).mp3',Users/rohan/Downloads/Music/Pasoori_320(PagalWorld.com.sb).mp3,file_not_found,
17,Ravi B - _ Dance Ka Bhoot Remix _ Official Music Video 2022,Reception Dancefloor%%Rap,'Users/rohan/Downloads/Music/Import New Bollywood/Ravi B - _ Dance Ka Bhoot Remix _ Official Music Video 2022.mp3',Users/rohan/Downloads/Music/Import New Bollywood/Ravi B - _ Dance Ka Bhoot Remix _ Official Music Video 2022.mp3,file_not_found,
18,Chunari Chunari (00's mix) - 1B - 130,Reception Dancefloor%%Rap,"""Users/rohan/Downloads/Music/Chunari Chunari (00's mix) - 1B - 130.mp3""",Users/rohan/Downloads/Music/Chunari Chunari (00's mix) - 1B - 130.mp3,file_not_found,
19,Disco-Lines-Tinashe-No-Broke-Boys-Clean-131-1A,Reception Dancefloor%%Rap,'Users/rohan/Downloads/Music/Disco-Lines-Tinashe-No-Broke-Boys-Clean-131-1A.mp3',Users/rohan/Downloads/Music/Disco-Lines-Tinashe-No-Broke-Boys-Clean-131-1A.mp3,file_not_found,
20,Drake - What Did I Miss - Hills Remix (Dirty),Reception Dancefloor%%Rap,'Users/rohan/Downloads/Music/Drake - What Did I Miss - Hills Remix (Dirty).mp3',Users/rohan/Downloads/Music/Drake - What Did I Miss - Hills Remix (Dirty).mp3,file_not_found,
21,Empire Of The Sun - Walking On A Dream - BLOND_ISH Remix (Intro - Clean),Reception Dancefloor%%Rap,'Users/rohan/Downloads/Music/Empire Of The Sun - Walking On A Dream - BLOND_ISH Remix (Intro - Clean).mp3',Users/rohan/Downloads/Music/Empire Of The Sun - Walking On A Dream - BLOND_ISH Remix (Intro - Clean).mp3,file_not_found,
22,FISHER & Jennifer Lopez - Waiting For Tonight - Mark Anthony Show Me Love Edit,Reception Dancefloor%%Rap,'Users/rohan/Downloads/Music/FISHER & Jennifer Lopez - Waiting For Tonight - Mark Anthony Show Me Love Edit.mp3',Users/rohan/Downloads/Music/FISHER & Jennifer Lopez - Waiting For Tonight - Mark Anthony Show Me Love Edit.mp3,file_not_found,
23,HUGEL-Topic-Arash-feat.-Daecolm-I-Adore-You-ARTBAT-Remix-124-10A,Reception Dancefloor%%Rap,'Users/rohan/Downloads/Music/HUGEL-Topic-Arash-feat.-Daecolm-I-Adore-You-ARTBAT-Remix-124-10A.mp3',Users/rohan/Downloads/Music/HUGEL-Topic-Arash-feat.-Daecolm-I-Adore-You-ARTBAT-Remix-124-10A.mp3,file_not_found,
24,Meduza-feat.-Goodboys-Piece-Of-Your-Heart-DJ-Dark-MD-DJ-Remix-Radio-Edit-126-2A,Reception Dancefloor%%Rap,'Users/rohan/Downloads/Music/Meduza-feat.-Goodboys-Piece-Of-Your-Heart-DJ-Dark-MD-DJ-Remix-Radio-Edit-126-2A.mp3',Users/rohan/Downloads/Music/Meduza-feat.-Goodboys-Piece-Of-Your-Heart-DJ-Dark-MD-DJ-Remix-Radio-Edit-126-2A.mp3,file_not_found,
25,Martin Garrix - Animals (Intro Edit) (Clean) 127,Reception Dancefloor%%Rap,'Users/rohan/Downloads/Music/Martin Garrix - Animals (Intro Edit) (Clean) 127.mp3',Users/rohan/Downloads/Music/Martin Garrix - Animals (Intro Edit) (Clean) 127.mp3,file_not_found,
26,El-Alfa-CJ-Chael-Produciendo-feat.-El-Cherry-Scom-vs.-Nina-Sky-La-Mama-de-la-Mama-Kupyd-Move-Ya-Body-Edit-Dirty-128-11A,Reception Dancefloor%%Rap,'Users/rohan/Downloads/Music/El-Alfa-CJ-Chael-Produciendo-feat.-El-Cherry-Scom-vs.-Nina-Sky-La-Mama-de-la-Mama-Kupyd-Move-Ya-Body-Edit-Dirty-128-11A.mp3',Users/rohan/Downloads/Music/El-Alfa-CJ-Chael-Produciendo-feat.-El-Cherry-Scom-vs.-Nina-Sky-La-Mama-de-la-Mama-Kupyd-Move-Ya-Body-Edit-Dirty-128-11A.mp3,file_not_found,
27,08 Pehli Nazar (desiton),Reception Dancefloor%%Rap,'Users/rohan/Downloads/Music/08 Pehli Nazar (desiton).mp3',Users/rohan/Downloads/Music/08 Pehli Nazar (desiton).mp3,file_not_found,
28,Make My Love Go (Maluma Remix),Reception Dancefloor%%Rap,'Users/rohan/Downloads/Music/Make My Love Go (Maluma Remix).mp3',Users/rohan/Downloads/Music/Make My Love Go (Maluma Remix).mp3,file_not_found,
29,Pitbull_Rain-05.Rain Over Me (Quintino Remix),Reception Dancefloor%%Rap,'Users/rohan/Downloads/Music/Pitbull_Rain-05.Rain Over Me (Quintino Remix).mp3',Users/rohan/Downloads/Music/Pitbull_Rain-05.Rain Over Me (Quintino Remix).mp3,file_not_found,
30,Future - Solo (Intro Clean),Reception Dancefloor%%Rap,'Users/rohan/Downloads/Music/Future - Solo (Intro Clean).mp3',Users/rohan/Downloads/Music/Future - Solo (Intro Clean).mp3,file_not_found,
31,Waka Flocka Flame - Grove St. Party (Clean),Reception Dancefloor%%Rap,'Users/rohan/Downloads/Music/Waka Flocka Flame - Grove St. Party (Clean).mp3',Users/rohan/Downloads/Music/Waka Flocka Flame - Grove St. Party (Clean).mp3,file_not_found,
32,Travis Scott &038; CHASE B - 01 FE!N (CHASE B REMIX),Music,'Users/rohan/Downloads/Music/Travis Scott &038; CHASE B - 01 FE!N (CHASE B REMIX).m4a',Users/rohan/Downloads/Music/Travis Scott &038; CHASE B - 01 FE!N (CHASE B REMIX).m4a,file_not_found,
33,One Direction - What Makes You Beautiful (CK Intro - Clean),Music,'Users/rohan/Downloads/Music/One Direction - What Makes You Beautiful (CK Intro - Clean).mp3',Users/rohan/Downloads/Music/One Direction - What Makes You Beautiful (CK Intro - Clean).mp3,file_not_found,
34,Luis-Fonsi-Daddy-Yankee-Despacito-DJ-LEAD-Remix-100-10A,Music,'Users/rohan/Downloads/Music/Luis-Fonsi-Daddy-Yankee-Despacito-DJ-LEAD-Remix-100-10A.mp3',Users/rohan/Downloads/Music/Luis-Fonsi-Daddy-Yankee-Despacito-DJ-LEAD-Remix-100-10A.mp3,file_not_found,
35,Chunnari Chunnari (Wedding Style Remix) _ DJ Kaash _ Biwi No.1 _ Salman Khan _ Sushmita Sen,Music,'Users/rohan/Downloads/Music/Chunnari Chunnari (Wedding Style Remix) _ DJ Kaash _ Biwi No.1 _ Salman Khan _ Sushmita Sen.mp3',Users/rohan/Downloads/Music/Chunnari Chunnari (Wedding Style Remix) _ DJ Kaash _ Biwi No.1 _ Salman Khan _ Sushmita Sen.mp3,file_not_found,
36,A.R. Rahman - Jai Ho (KVM & Zen Flo Remix) [From Slumdog Millionaire] FINAL MASTER,Music,'Users/rohan/Downloads/Music/A.R. Rahman - Jai Ho (KVM & Zen Flo Remix) [From Slumdog Millionaire] FINAL MASTER.wav',Users/rohan/Downloads/Music/A.R. Rahman - Jai Ho (KVM & Zen Flo Remix) [From Slumdog Millionaire] FINAL MASTER.wav,file_not_found,
37,Avicii-feat.-Aloe-Blacc-Wake-Me-Up-SRY-2023-Remix-128-10A,Music,'Users/rohan/Downloads/Music/Avicii-feat.-Aloe-Blacc-Wake-Me-Up-SRY-2023-Remix-128-10A.mp3',Users/rohan/Downloads/Music/Avicii-feat.-Aloe-Blacc-Wake-Me-Up-SRY-2023-Remix-128-10A.mp3,file_not_found,
38,The-Weeknd-Playboi-Carti-Timeless-THUGLI-Remix-Dirty-125-10A,Music,'Users/rohan/Downloads/Music/The-Weeknd-Playboi-Carti-Timeless-THUGLI-Remix-Dirty-125-10A.mp3',Users/rohan/Downloads/Music/The-Weeknd-Playboi-Carti-Timeless-THUGLI-Remix-Dirty-125-10A.mp3,file_not_found,
39,Love Mera Hit Hit - (Raag.Fm),Music,'Users/rohan/Downloads/Music/Love Mera Hit Hit - (Raag.Fm).mp3',Users/rohan/Downloads/Music/Love Mera Hit Hit - (Raag.Fm).mp3,file_not_found,
40,"Tegi Pannu, Manni Sandhu & Navaan Sandhu - Addicted (Intro)",Music,"'Users/rohan/Downloads/Music/Tegi Pannu, Manni Sandhu & Navaan Sandhu - Addicted (Intro).mp3'","Users/rohan/Downloads/Music/Tegi Pannu, Manni Sandhu & Navaan Sandhu - Addicted (Intro).mp3",file_not_found,
41,A Sky Full Of Stars (Robin Schulz Remix),Music,'Users/rohan/Downloads/Music/A Sky Full Of Stars (Robin Schulz Remix).mp3',Users/rohan/Downloads/Music/A Sky Full Of Stars (Robin Schulz Remix).mp3,file_not_found,
42,Bryson Tiller - Whatever She Wants (CK Intro - Dirty) 8A 96,Music,'Users/rohan/Downloads/Music/Bryson Tiller - Whatever She Wants (CK Intro - Dirty) 8A 96.mp3',Users/rohan/Downloads/Music/Bryson Tiller - Whatever She Wants (CK Intro - Dirty) 8A 96.mp3,file_not_found,
43,DJ-Snake-feat.-Future-Travis-Scott-Tsunami-HMC-Pt.-2-Intro-Clean-70-1A,Music,'Users/rohan/Downloads/Music/DJ-Snake-feat.-Future-Travis-Scott-Tsunami-HMC-Pt.-2-Intro-Clean-70-1A.mp3',Users/rohan/Downloads/Music/DJ-Snake-feat.-Future-Travis-Scott-Tsunami-HMC-Pt.-2-Intro-Clean-70-1A.mp3,file_not_found,
44,Lady-Gaga-feat.-Colby-ODonis-Just-Dance-Benji-Fink-2023-Remix-132-12A,Music,'Users/rohan/Downloads/Music/Lady-Gaga-feat.-Colby-ODonis-Just-Dance-Benji-Fink-2023-Remix-132-12A.mp3',Users/rohan/Downloads/Music/Lady-Gaga-feat.-Colby-ODonis-Just-Dance-Benji-Fink-2023-Remix-132-12A.mp3,file_not_found,
45,TLC - No Scrubs (Intro Clean),Music,'Users/rohan/Downloads/Music/TLC - No Scrubs (Intro Clean).mp3',Users/rohan/Downloads/Music/TLC - No Scrubs (Intro Clean).mp3,file_not_found,
46,Future - Solo (Intro Clean),Music,'Users/rohan/Downloads/Music/Future - Solo (Intro Clean).mp3',Users/rohan/Downloads/Music/Future - Solo (Intro Clean).mp3,file_not_found,
47,Waka Flocka Flame - Grove St. Party (Clean),Music,'Users/rohan/Downloads/Music/Waka Flocka Flame - Grove St. Party (Clean).mp3',Users/rohan/Downloads/Music/Waka Flocka Flame - Grove St. Party (Clean).mp3,file_not_found,
48,Double Addi (Afro House Edit) - DJ Aura (1),Music,'Users/rohan/Downloads/Music/Double Addi (Afro House Edit) - DJ Aura (1).wav',Users/rohan/Downloads/Music/Double Addi (Afro House Edit) - DJ Aura (1).wav,file_not_found,
49,Kisi Disco Mein X Amplifier - Rhythm Flyp (hearthis.at) 3,Music,'Users/rohan/Downloads/Music/Kisi Disco Mein X Amplifier - Rhythm Flyp (hearthis.at) 3.mp3',Users/rohan/Downloads/Music/Kisi Disco Mein X Amplifier - Rhythm Flyp (hearthis.at) 3.mp3,file_not_found,
50,Shardaysa Jones - Give Me My Gots (Beataholic Intro) (Clean) 101,Music,'Users/rohan/Downloads/Music/Shardaysa Jones - Give Me My Gots (Beataholic Intro) (Clean) 101.mp3',Users/rohan/Downloads/Music/Shardaysa Jones - Give Me My Gots (Beataholic Intro) (Clean) 101.mp3,file_not_found,
51,Rock N Roll Soniye - DJ Harsh Remix (Shattered Edit)(FINAL),Music,'Users/rohan/Downloads/Music/Rock N Roll Soniye - DJ Harsh Remix (Shattered Edit)(FINAL).m4a',Users/rohan/Downloads/Music/Rock N Roll Soniye - DJ Harsh Remix (Shattered Edit)(FINAL).m4a,file_not_found,
52,Kanye West - Good Life [HH Clean Intro] 3A 85,Music,'Users/rohan/Downloads/Music/Kanye West - Good Life [HH Clean Intro] 3A 85.mp3',Users/rohan/Downloads/Music/Kanye West - Good Life [HH Clean Intro] 3A 85.mp3,file_not_found,
53,BAND4BAND (HILLS RMX),Music,'Users/rohan/Downloads/Music/BAND4BAND (HILLS RMX) .mp3',Users/rohan/Downloads/Music/BAND4BAND (HILLS RMX) .mp3,file_not_found,
54,Flo Milli  - Never Lose Me (Intro Clean),Music,'Users/rohan/Downloads/Music/Flo Milli  - Never Lose Me (Intro Clean).mp3',Users/rohan/Downloads/Music/Flo Milli  - Never Lose Me (Intro Clean).mp3,file_not_found,
55,DaBaby-SHAKE-SUMN-Intro-Clean-143-1A,Music,'Users/rohan/Downloads/Music/DaBaby-SHAKE-SUMN-Intro-Clean-143-1A.mp3',Users/rohan/Downloads/Music/DaBaby-SHAKE-SUMN-Intro-Clean-143-1A.mp3,file_not_found,
56,DIVINE & Karan Aujla - Tareefan (DJcity Intro),Music,'Users/rohan/Downloads/Music/DIVINE & Karan Aujla - Tareefan (DJcity Intro).mp3',Users/rohan/Downloads/Music/DIVINE & Karan Aujla - Tareefan (DJcity Intro).mp3,file_not_found,
57,El-Alfa-CJ-Chael-Produciendo-feat.-El-Cherry-Scom-vs.-Nina-Sky-La-Mama-de-la-Mama-Kupyd-Move-Ya-Body-Edit-Dirty-128-11A,Music,'Users/rohan/Downloads/Music/El-Alfa-CJ-Chael-Produciendo-feat.-El-Cherry-Scom-vs.-Nina-Sky-La-Mama-de-la-Mama-Kupyd-Move-Ya-Body-Edit-Dirty-128-11A.mp3',Users/rohan/Downloads/Music/El-Alfa-CJ-Chael-Produciendo-feat.-El-Cherry-Scom-vs.-Nina-Sky-La-Mama-de-la-Mama-Kupyd-Move-Ya-Body-Edit-Dirty-128-11A.mp3,file_not_found,
58,Lil-Uzi-Vert-Chanel-Boy-Intro-Dirty-70-3A,Music,'Users/rohan/Downloads/Music/Lil-Uzi-Vert-Chanel-Boy-Intro-Dirty-70-3A.mp3',Users/rohan/Downloads/Music/Lil-Uzi-Vert-Chanel-Boy-Intro-Dirty-70-3A.mp3,file_not_found,
59,Boy's A Liar Pt. 2 (HOEST & Sev House Edit),Music,"""Users/rohan/Downloads/Music/Boy's A Liar Pt. 2 (HOEST & Sev House Edit).mp3""",Users/rohan/Downloads/Music/Boy's A Liar Pt. 2 (HOEST & Sev House Edit).mp3,file_not_found,
60,Millionaire_320(PagalWorld.com.sb),Music,'Users/rohan/Downloads/Music/Millionaire_320(PagalWorld.com.sb).mp3',Users/rohan/Downloads/Music/Millionaire_320(PagalWorld.com.sb).mp3,file_not_found,
61,Nicky Jam - Hasta El Amanecer  Intro,Music,'Users/rohan/Downloads/Music/Nicky Jam - Hasta El Amanecer  Intro .mp3',Users/rohan/Downloads/Music/Nicky Jam - Hasta El Amanecer  Intro .mp3,file_not_found,
62,"Rihanna X AFROKHIN, BDT, SB - Bitch Better Have My Money Calabria (Fabien Pizar mashup)",Music,"'Users/rohan/Downloads/Music/Rihanna X AFROKHIN, BDT, SB - Bitch Better Have My Money Calabria (Fabien Pizar mashup).mp3'","Users/rohan/Downloads/Music/Rihanna X AFROKHIN, BDT, SB - Bitch Better Have My Money Calabria (Fabien Pizar mashup).mp3",file_not_found,
63,Pitbull_Rain-05.Rain Over Me (Quintino Remix),Music,'Users/rohan/Downloads/Music/Pitbull_Rain-05.Rain Over Me (Quintino Remix).mp3',Users/rohan/Downloads/Music/Pitbull_Rain-05.Rain Over Me (Quintino Remix).mp3,file_not_found,
64,Travis Scott 12A 80 - Topia Twins (Wingman) (Clean - 80BPM),Music,'Users/rohan/Downloads/Music/Travis Scott 12A 80 - Topia Twins (Wingman) (Clean - 80BPM).mp3',Users/rohan/Downloads/Music/Travis Scott 12A 80 - Topia Twins (Wingman) (Clean - 80BPM).mp3,file_not_found,
65,Saweetie-Tap-In-PeteDown-Mix-Clean-100-5A,Music,'Users/rohan/Downloads/Music/Saweetie-Tap-In-PeteDown-Mix-Clean-100-5A.mp3',Users/rohan/Downloads/Music/Saweetie-Tap-In-PeteDown-Mix-Clean-100-5A.mp3,file_not_found,
66,Mark-Villa-Riptide-125-5A,Music,'Users/rohan/Downloads/Music/Mark-Villa-Riptide-125-5A.mp3',Users/rohan/Downloads/Music/Mark-Villa-Riptide-125-5A.mp3,file_not_found,
67,Teejay-Davido-Drift-Remix-Intro-Clean-100-7A,Music,'Users/rohan/Downloads/Music/Teejay-Davido-Drift-Remix-Intro-Clean-100-7A.mp3',Users/rohan/Downloads/Music/Teejay-Davido-Drift-Remix-Intro-Clean-100-7A.mp3,file_not_found,
68,Cherrelle - I Didn't Mean To Turn You On [80s Redrum] (Intro Edit) (Clean),Music,"""Users/rohan/Downloads/Music/Cherrelle - I Didn't Mean To Turn You On [80s Redrum] (Intro Edit) (Clean).mp3""",Users/rohan/Downloads/Music/Cherrelle - I Didn't Mean To Turn You On [80s Redrum] (Intro Edit) (Clean).mp3,file_not_found,
69,Meduza-feat.-Goodboys-Piece-Of-Your-Heart-DJ-Dark-MD-DJ-Remix-Radio-Edit-126-2A,Music,'Users/rohan/Downloads/Music/Meduza-feat.-Goodboys-Piece-Of-Your-Heart-DJ-Dark-MD-DJ-Remix-Radio-Edit-126-2A.mp3',Users/rohan/Downloads/Music/Meduza-feat.-Goodboys-Piece-Of-Your-Heart-DJ-Dark-MD-DJ-Remix-Radio-Edit-126-2A.mp3,file_not_found,
70,Avvy Sra & Karan Aujla - White Brown Black (Intro),Music,'Users/rohan/Downloads/Music/Avvy Sra & Karan Aujla - White Brown Black (Intro).mp3',Users/rohan/Downloads/Music/Avvy Sra & Karan Aujla - White Brown Black (Intro).mp3,file_not_found,
71,Kisi Disco Mein X Amplifier - Rhythm Flyp (hearthis.at) 2,Music,'Users/rohan/Downloads/Music/Kisi Disco Mein X Amplifier - Rhythm Flyp (hearthis.at) 2.mp3',Users/rohan/Downloads/Music/Kisi Disco Mein X Amplifier - Rhythm Flyp (hearthis.at) 2.mp3,file_not_found,
72,Nina-Sky-Move-Ya-Body-saie-Edit-129-12A,Music,'Users/rohan/Downloads/Music/Nina-Sky-Move-Ya-Body-saie-Edit-129-12A.mp3',Users/rohan/Downloads/Music/Nina-Sky-Move-Ya-Body-saie-Edit-129-12A.mp3,file_not_found,
73,Mayur Thakor    RanBaaka Bhathiji   Hits Of Gujarati Song  Jay Shree Ambe Sound,Music,'Users/rohan/Downloads/Music/Mayur Thakor    RanBaaka Bhathiji   Hits Of Gujarati Song  Jay Shree Ambe Sound.mp3',Users/rohan/Downloads/Music/Mayur Thakor    RanBaaka Bhathiji   Hits Of Gujarati Song  Jay Shree Ambe Sound.mp3,file_not_found,
74,"Black Eyed Peas, Ozuna & J. Rey Soul - MAMACITA (CK Intro - Clean)",Music,"'Users/rohan/Downloads/Music/Black Eyed Peas, Ozuna & J. Rey Soul - MAMACITA (CK Intro - Clean).mp3'","Users/rohan/Downloads/Music/Black Eyed Peas, Ozuna & J. Rey Soul - MAMACITA (CK Intro - Clean).mp3",file_not_found,
75,Pitbull ft Kesha - TIMBER (Francesco Ken x Alessio Centra Remix),Music,'Users/rohan/Downloads/Music/Pitbull ft Kesha - TIMBER (Francesco Ken x Alessio Centra Remix).wav',Users/rohan/Downloads/Music/Pitbull ft Kesha - TIMBER (Francesco Ken x Alessio Centra Remix).wav,file_not_found,
76,41-Kyle-Richh-Jenn-Carter-TaTa-Sexyy-Red-Bent-Remix-Intro-Dirty-124-8A,Music,'Users/rohan/Downloads/Music/41-Kyle-Richh-Jenn-Carter-TaTa-Sexyy-Red-Bent-Remix-Intro-Dirty-124-8A.mp3',Users/rohan/Downloads/Music/41-Kyle-Richh-Jenn-Carter-TaTa-Sexyy-Red-Bent-Remix-Intro-Dirty-124-8A.mp3,file_not_found,
77,Jay-Z - Public Service Announcement (Interlude) (CK Intro - Clean),Music,'Users/rohan/Downloads/Music/Jay-Z - Public Service Announcement (Interlude) (CK Intro - Clean).mp3',Users/rohan/Downloads/Music/Jay-Z - Public Service Announcement (Interlude) (CK Intro - Clean).mp3,file_not_found,
78,JOHN LEGEND - ALL OF ME (PAULK 'O BRYANT REMIX),Music,"""Users/rohan/Downloads/Music/JOHN LEGEND - ALL OF ME (PAULK 'O BRYANT REMIX) .wav""",Users/rohan/Downloads/Music/JOHN LEGEND - ALL OF ME (PAULK 'O BRYANT REMIX) .wav,file_not_found,
79,Soniye Ve (Kismat Konnection) - (Raag.Fm),Music,'Users/rohan/Downloads/Music/Soniye Ve (Kismat Konnection) - (Raag.Fm).mp3',Users/rohan/Downloads/Music/Soniye Ve (Kismat Konnection) - (Raag.Fm).mp3,file_not_found,
80,Drake - GIMME A HUG (DJ ROCCO & DJ EVER B Remix) (Dirty),Music,'Users/rohan/Downloads/Music/Drake - GIMME A HUG (DJ ROCCO & DJ EVER B Remix) (Dirty).mp3',Users/rohan/Downloads/Music/Drake - GIMME A HUG (DJ ROCCO & DJ EVER B Remix) (Dirty).mp3,file_not_found,
81,Too Short - Blow The Whistle (Intro) (Dirty),Music,'Users/rohan/Downloads/Music/Too Short - Blow The Whistle (Intro) (Dirty).mp3',Users/rohan/Downloads/Music/Too Short - Blow The Whistle (Intro) (Dirty).mp3,file_not_found,
82,Whole Lotta Lovin (Instrumental),Music,'Users/rohan/Downloads/Music/Whole Lotta Lovin (Instrumental).mp3',Users/rohan/Downloads/Music/Whole Lotta Lovin (Instrumental).mp3,file_not_found,
83,Ne-Yo-Miss-Independent-SMASHA-Edit-90-2A,Music,'Users/rohan/Downloads/Music/Ne-Yo-Miss-Independent-SMASHA-Edit-90-2A.mp3',Users/rohan/Downloads/Music/Ne-Yo-Miss-Independent-SMASHA-Edit-90-2A.mp3,file_not_found,
84,Afrojack & Eva Simons vs Third Party - Take Over Control (Frank Williams 2024 Edit) Clean 5B 128,Music,'Users/rohan/Downloads/Music/Afrojack & Eva Simons vs Third Party - Take Over Control (Frank Williams 2024 Edit) Clean 5B 128.mp3',Users/rohan/Downloads/Music/Afrojack & Eva Simons vs Third Party - Take Over Control (Frank Williams 2024 Edit) Clean 5B 128.mp3,file_not_found,
85,"Black Eyed Peas, Ozuna & J. Rey Soul - MAMACITA (CK Intro - Dirty)",Music,"'Users/rohan/Downloads/Music/Black Eyed Peas, Ozuna & J. Rey Soul - MAMACITA (CK Intro - Dirty).mp3'","Users/rohan/Downloads/Music/Black Eyed Peas, Ozuna & J. Rey Soul - MAMACITA (CK Intro - Dirty).mp3",file_not_found,
86,Kendrick Lamar & SZA - luther (Intro Dirty),Music,'Users/rohan/Downloads/Music/Kendrick Lamar & SZA - luther (Intro Dirty).mp3',Users/rohan/Downloads/Music/Kendrick Lamar & SZA - luther (Intro Dirty).mp3,file_not_found,
87,El-Alfa-4K-QURE-Edit-Dirty-122-2A,Music,'Users/rohan/Downloads/Music/El-Alfa-4K-QURE-Edit-Dirty-122-2A.mp3',Users/rohan/Downloads/Music/El-Alfa-4K-QURE-Edit-Dirty-122-2A.mp3,file_not_found,
88,Jay-Z - Public Service Announcement (Interlude) (CK Intro - Dirty),Music,'Users/rohan/Downloads/Music/Jay-Z - Public Service Announcement (Interlude) (CK Intro - Dirty).mp3',Users/rohan/Downloads/Music/Jay-Z - Public Service Announcement (Interlude) (CK Intro - Dirty).mp3,file_not_found,
89,Day-N-Nite-Sosa-2021-Edit-Intro,Music,'Users/rohan/Downloads/Music/Day-N-Nite-Sosa-2021-Edit-Intro.mp3',Users/rohan/Downloads/Music/Day-N-Nite-Sosa-2021-Edit-Intro.mp3,file_not_found,
90,Melii-feat.-A-Boogie-Wit-Da-Hoodie-HML-Intro-Dirty-100-12A,Music,'Users/rohan/Downloads/Music/Melii-feat.-A-Boogie-Wit-Da-Hoodie-HML-Intro-Dirty-100-12A.mp3',Users/rohan/Downloads/Music/Melii-feat.-A-Boogie-Wit-Da-Hoodie-HML-Intro-Dirty-100-12A.mp3,file_not_found,
91,John-Summit-Hayla-Where-You-Are-Radio-Edit-126-8A,Music,'Users/rohan/Downloads/Music/John-Summit-Hayla-Where-You-Are-Radio-Edit-126-8A.mp3',Users/rohan/Downloads/Music/John-Summit-Hayla-Where-You-Are-Radio-Edit-126-8A.mp3,file_not_found,
92,HUGEL-SOLTO-FR-Jamaican-Bam-Bam-ATCG-Edit-128-8A,Music,'Users/rohan/Downloads/Music/HUGEL-SOLTO-FR-Jamaican-Bam-Bam-ATCG-Edit-128-8A.mp3',Users/rohan/Downloads/Music/HUGEL-SOLTO-FR-Jamaican-Bam-Bam-ATCG-Edit-128-8A.mp3,file_not_found,
93,Natasha Bedingfield - These Words (Sickmix Intro) (Clean) 97,Music,'Users/rohan/Downloads/Music/Natasha Bedingfield - These Words (Sickmix Intro) (Clean) 97.mp3',Users/rohan/Downloads/Music/Natasha Bedingfield - These Words (Sickmix Intro) (Clean) 97.mp3,file_not_found,
94,Drake - GIMME A HUG (DJ ROCCO & DJ EVER B Remix) (Clean),Music,'Users/rohan/Downloads/Music/Drake - GIMME A HUG (DJ ROCCO & DJ EVER B Remix) (Clean).mp3',Users/rohan/Downloads/Music/Drake - GIMME A HUG (DJ ROCCO & DJ EVER B Remix) (Clean).mp3,file_not_found,
95,HUGEL - WTF - Tujamo Remix (Dirty),Music,'Users/rohan/Downloads/Music/HUGEL - WTF - Tujamo Remix (Dirty).mp3',Users/rohan/Downloads/Music/HUGEL - WTF - Tujamo Remix (Dirty).mp3,file_not_found,
96,Shubh - Cheques (Intro),Music,'Users/rohan/Downloads/Music/Shubh - Cheques (Intro).mp3',Users/rohan/Downloads/Music/Shubh - Cheques (Intro).mp3,file_not_found,
97,Keke Do You Love Me | Desi Dhol Mix | Drake | In My Feelings | Bhangra Song | Viral Song 2018,Music,'Users/rohan/Downloads/Music/Keke Do You Love Me | Desi Dhol Mix | Drake | In My Feelings | Bhangra Song | Viral Song 2018.m4a',Users/rohan/Downloads/Music/Keke Do You Love Me | Desi Dhol Mix | Drake | In My Feelings | Bhangra Song | Viral Song 2018.m4a,file_not_found,
98,Too Short - Blow The Whistle (Intro) (Clean),Music,'Users/rohan/Downloads/Music/Too Short - Blow The Whistle (Intro) (Clean).mp3',Users/rohan/Downloads/Music/Too Short - Blow The Whistle (Intro) (Clean).mp3,file_not_found,
99,Nelly - Ride Wit Me (Clean Intro),Music,'Users/rohan/Downloads/Music/Nelly - Ride Wit Me (Clean Intro).mp3',Users/rohan/Downloads/Music/Nelly - Ride Wit Me (Clean Intro).mp3,file_not_found,
100,Justin-Bieber-YUKON-DJU-DJU-Remix-102-11A,Music,'Users/rohan/Downloads/Music/Justin-Bieber-YUKON-DJU-DJU-Remix-102-11A.mp3',Users/rohan/Downloads/Music/Justin-Bieber-YUKON-DJU-DJU-Remix-102-11A.mp3,file_not_found,
101,Hero (MetroMix),Music,'Users/rohan/Downloads/Music/Hero (MetroMix).mp3',Users/rohan/Downloads/Music/Hero (MetroMix).mp3,file_not_found,
102,"The Chainsmokers, Jonita Gandhi, Guru Randhawa - Addicted (ਆਦੀ) feat Zerb, Ink",Music,"'Users/rohan/Downloads/Music/The Chainsmokers, Jonita Gandhi, Guru Randhawa - Addicted (ਆਦੀ) feat Zerb, Ink.mp3'","Users/rohan/Downloads/Music/The Chainsmokers, Jonita Gandhi, Guru Randhawa - Addicted (ਆਦੀ) feat Zerb, Ink.mp3",file_not_found,
103,Aaj Ki Raat - PagalHits,Music,'Users/rohan/Downloads/Music/Aaj Ki Raat - PagalHits.mp3',Users/rohan/Downloads/Music/Aaj Ki Raat - PagalHits.mp3,file_not_found,
104,"Chani Nattan, Miss Pooja ft. Inderpal Moga - Case (DJcity Intro)",Music,"'Users/rohan/Downloads/Music/Chani Nattan, Miss Pooja ft. Inderpal Moga - Case (DJcity Intro).mp3'","Users/rohan/Downloads/Music/Chani Nattan, Miss Pooja ft. Inderpal Moga - Case (DJcity Intro).mp3",file_not_found,
105,Travis Scott - Highest In The Room (Falquiat Remix),Music,'Users/rohan/Downloads/Music/Travis Scott - Highest In The Room (Falquiat Remix).mp3',Users/rohan/Downloads/Music/Travis Scott - Highest In The Room (Falquiat Remix).mp3,file_not_found,
106,Rihanna-Pour-It-Up-Kira-Edit-Clean-135-11A,Music,'Users/rohan/Downloads/Music/Rihanna-Pour-It-Up-Kira-Edit-Clean-135-11A.mp3',Users/rohan/Downloads/Music/Rihanna-Pour-It-Up-Kira-Edit-Clean-135-11A.mp3,file_not_found,
107,Kendrick Lamar - Not Like Us (CK Intro - Clean) 9A 101 (2),Music,'Users/rohan/Downloads/Music/Kendrick Lamar - Not Like Us (CK Intro - Clean) 9A 101 (2).mp3',Users/rohan/Downloads/Music/Kendrick Lamar - Not Like Us (CK Intro - Clean) 9A 101 (2).mp3,file_not_found,
108,Brent-Faiyaz-Tommy-Richman-FELIX-Upset-Intro-Clean-68-12A,Music,'Users/rohan/Downloads/Music/Brent-Faiyaz-Tommy-Richman-FELIX-Upset-Intro-Clean-68-12A.mp3',Users/rohan/Downloads/Music/Brent-Faiyaz-Tommy-Richman-FELIX-Upset-Intro-Clean-68-12A.mp3,file_not_found,
109,Pump Up The Jam (Intro - Clean),Music,'Users/rohan/Downloads/Music/Pump Up The Jam (Intro - Clean).mp3',Users/rohan/Downloads/Music/Pump Up The Jam (Intro - Clean).mp3,file_not_found,
110,Simen-Sez-Champagne-Navajo-114,Music,'Users/rohan/Downloads/Music/Simen-Sez-Champagne-Navajo-114.mp3',Users/rohan/Downloads/Music/Simen-Sez-Champagne-Navajo-114.mp3,file_not_found,
111,Taylor Swift - Love Story (C-Mireles Disco Remix)1 126,Music,'Users/rohan/Downloads/Music/Taylor Swift - Love Story (C-Mireles Disco Remix)1 126.mp3',Users/rohan/Downloads/Music/Taylor Swift - Love Story (C-Mireles Disco Remix)1 126.mp3,file_not_found,
112,Tegi Pannu - Schedule (Intro),Music,'Users/rohan/Downloads/Music/Tegi Pannu - Schedule (Intro).mp3',Users/rohan/Downloads/Music/Tegi Pannu - Schedule (Intro).mp3,file_not_found,
113,Flo Milli  - Never Lose Me (Intro Dirty),Music,'Users/rohan/Downloads/Music/Flo Milli  - Never Lose Me (Intro Dirty).mp3',Users/rohan/Downloads/Music/Flo Milli  - Never Lose Me (Intro Dirty).mp3,file_not_found,
114,The Weeknd - Give Me Mercy [Intro Clean],Music,'Users/rohan/Downloads/Music/The Weeknd - Give Me Mercy [Intro Clean].mp3',Users/rohan/Downloads/Music/The Weeknd - Give Me Mercy [Intro Clean].mp3,file_not_found,
115,Chunari Chunari (00's mix) - 1B - 130,Music,"""Users/rohan/Downloads/Music/Chunari Chunari (00's mix) - 1B - 130.mp3""",Users/rohan/Downloads/Music/Chunari Chunari (00's mix) - 1B - 130.mp3,file_not_found,
116,Vybz Kartel - Fever - DJ Lub's Remix (Dirty),Music,"""Users/rohan/Downloads/Music/Vybz Kartel - Fever - DJ Lub's Remix (Dirty).mp3""",Users/rohan/Downloads/Music/Vybz Kartel - Fever - DJ Lub's Remix (Dirty).mp3,file_not_found,
117,Jay-Z & Kanye West - Niggas In Paris (CK Intro - Dirty),Music,'Users/rohan/Downloads/Music/Jay-Z & Kanye West - Niggas In Paris (CK Intro - Dirty).mp3',Users/rohan/Downloads/Music/Jay-Z & Kanye West - Niggas In Paris (CK Intro - Dirty).mp3,file_not_found,
118,Tesher - Mi Gente x Badtameez Dil,Music,'Users/rohan/Downloads/Music/Tesher - Mi Gente x Badtameez Dil.mp3',Users/rohan/Downloads/Music/Tesher - Mi Gente x Badtameez Dil.mp3,file_not_found,
119,"PARTYNEXTDOOR, Drake - SOMEBODY LOVES ME (esentrik edit) (Dirty)",Music,"'Users/rohan/Downloads/Music/PARTYNEXTDOOR, Drake - SOMEBODY LOVES ME (esentrik edit) (Dirty).mp3'","Users/rohan/Downloads/Music/PARTYNEXTDOOR, Drake - SOMEBODY LOVES ME (esentrik edit) (Dirty).mp3",file_not_found,
120,IN PARIS (Jiinio Remix),Music,'Users/rohan/Downloads/Music/IN PARIS (Jiinio Remix).mp3',Users/rohan/Downloads/Music/IN PARIS (Jiinio Remix).mp3,file_not_found,
121,Karan Aujla & MXRCI - Winning Speech - DJ Nick Dhillon Desi Edit,Music,'Users/rohan/Downloads/Music/Karan Aujla & MXRCI - Winning Speech - DJ Nick Dhillon Desi Edit.mp3',Users/rohan/Downloads/Music/Karan Aujla & MXRCI - Winning Speech - DJ Nick Dhillon Desi Edit.mp3,file_not_found,
122,Nicki-Minaj-FTCU-Booty-Patrol-Remix-Dirty-140-2A,Music,'Users/rohan/Downloads/Music/Nicki-Minaj-FTCU-Booty-Patrol-Remix-Dirty-140-2A.mp3',Users/rohan/Downloads/Music/Nicki-Minaj-FTCU-Booty-Patrol-Remix-Dirty-140-2A.mp3,file_not_found,
123,Waka Flocka Flame ft Wale & Roscoe Dash - No Hands (Club Killers Remix Epic In) Clean CK Cut 12A 140,Music,'Users/rohan/Downloads/Music/Waka Flocka Flame ft Wale & Roscoe Dash - No Hands (Club Killers Remix Epic In) Clean CK Cut 12A 140.mp3',Users/rohan/Downloads/Music/Waka Flocka Flame ft Wale & Roscoe Dash - No Hands (Club Killers Remix Epic In) Clean CK Cut 12A 140.mp3,file_not_found,
124,Drake - Childs Play (Clean),Music,'Users/rohan/Downloads/Music/Drake - Childs Play (Clean).mp3',Users/rohan/Downloads/Music/Drake - Childs Play (Clean).mp3,file_not_found,
125,Jack-Harlow-Lovin-On-Me-Hiram-Edit-Dirty-113-6A,Music,'Users/rohan/Downloads/Music/Jack-Harlow-Lovin-On-Me-Hiram-Edit-Dirty-113-6A.mp3',Users/rohan/Downloads/Music/Jack-Harlow-Lovin-On-Me-Hiram-Edit-Dirty-113-6A.mp3,file_not_found,
126,B.O.B. - Airplanes (Zero Tolerance Remix)[Clean],Music,'Users/rohan/Downloads/Music/B.O.B. - Airplanes (Zero Tolerance Remix)[Clean].mp3',Users/rohan/Downloads/Music/B.O.B. - Airplanes (Zero Tolerance Remix)[Clean].mp3,file_not_found,
127,Pakka-Local-MassTamilan.dev,Music,'Users/rohan/Downloads/Music/Pakka-Local-MassTamilan.dev.mp3',Users/rohan/Downloads/Music/Pakka-Local-MassTamilan.dev.mp3,file_not_found,
128,Karan Aujla Feat. Nora Fatehi - Aaye Haaye,Music,'Users/rohan/Downloads/Music/Karan Aujla Feat. Nora Fatehi - Aaye Haaye.mp3',Users/rohan/Downloads/Music/Karan Aujla Feat. Nora Fatehi - Aaye Haaye.mp3,file_not_found,
129,Neel S Chhabra - Ho Gaya Sharabi (Neel S Chhabra Revibe),Music,'Users/rohan/Downloads/Music/Neel S Chhabra - Ho Gaya Sharabi (Neel S Chhabra Revibe).mp3',Users/rohan/Downloads/Music/Neel S Chhabra - Ho Gaya Sharabi (Neel S Chhabra Revibe).mp3,file_not_found,
130,Akon  -  Don't Matter (Intro),Music,"""Users/rohan/Downloads/Music/Akon  -  Don't Matter (Intro).mp3""",Users/rohan/Downloads/Music/Akon  -  Don't Matter (Intro).mp3,file_not_found,
131,08 Pehli Nazar (desiton),Music,'Users/rohan/Downloads/Music/08 Pehli Nazar (desiton).mp3',Users/rohan/Downloads/Music/08 Pehli Nazar (desiton).mp3,file_not_found,
132,TLC - No Scrubs (2),Music,'Users/rohan/Downloads/Music/TLC - No Scrubs (2).mp3',Users/rohan/Downloads/Music/TLC - No Scrubs (2).mp3,file_not_found,
133,Daddy Yankee - Con Calma - Da Phonk Club Edit,Music,'Users/rohan/Downloads/Music/Daddy Yankee - Con Calma - Da Phonk Club Edit.mp3',Users/rohan/Downloads/Music/Daddy Yankee - Con Calma - Da Phonk Club Edit.mp3,file_not_found,
134,Kendrick Lamar Ft. Sza - Luther (Intro Clean) 138,Music,'Users/rohan/Downloads/Music/Kendrick Lamar Ft. Sza - Luther (Intro Clean) 138.mp3',Users/rohan/Downloads/Music/Kendrick Lamar Ft. Sza - Luther (Intro Clean) 138.mp3,file_not_found,
135,Notorious B.I.G ft 112 - Sky's The Limit (Clean),Music,"""Users/rohan/Downloads/Music/Notorious B.I.G ft 112 - Sky's The Limit (Clean).mp3""",Users/rohan/Downloads/Music/Notorious B.I.G ft 112 - Sky's The Limit (Clean).mp3,file_not_found,
136,Billie Eilish - Ocean Eyes,Music,'Users/rohan/Downloads/Music/Billie Eilish - Ocean Eyes.mp3',Users/rohan/Downloads/Music/Billie Eilish - Ocean Eyes.mp3,file_not_found,
137,Martin Garrix - Animals (Intro Edit) (Clean) 127,Music,'Users/rohan/Downloads/Music/Martin Garrix - Animals (Intro Edit) (Clean) 127.mp3',Users/rohan/Downloads/Music/Martin Garrix - Animals (Intro Edit) (Clean) 127.mp3,file_not_found,
138,JRK - Aaja Maria 98 8A,Music,'Users/rohan/Downloads/Music/JRK - Aaja Maria 98 8A.mp3',Users/rohan/Downloads/Music/JRK - Aaja Maria 98 8A.mp3,file_not_found,
139,086. Brett Young - Lady,Music,'Users/rohan/Downloads/Music/086. Brett Young - Lady.mp3',Users/rohan/Downloads/Music/086. Brett Young - Lady.mp3,file_not_found,
140,Kendrick Lamar & SZA - All The Stars (Intro - Clean),Music,'Users/rohan/Downloads/Music/Kendrick Lamar & SZA - All The Stars (Intro - Clean).mp3',Users/rohan/Downloads/Music/Kendrick Lamar & SZA - All The Stars (Intro - Clean).mp3,file_not_found,
141,Soulja-Boy-feat.-Sammie-Kiss-Me-Thru-The-Phone-Cody-Ko-Remix-135-2A,Music,'Users/rohan/Downloads/Music/Soulja-Boy-feat.-Sammie-Kiss-Me-Thru-The-Phone-Cody-Ko-Remix-135-2A.mp3',Users/rohan/Downloads/Music/Soulja-Boy-feat.-Sammie-Kiss-Me-Thru-The-Phone-Cody-Ko-Remix-135-2A.mp3,file_not_found,
142,A Boogie With Da Hoodie - Jungle (Collini Electronic Pulse Redrum Edit) (Dirty) 6A 95,Music,'Users/rohan/Downloads/Music/A Boogie With Da Hoodie - Jungle (Collini Electronic Pulse Redrum Edit) (Dirty) 6A 95.mp3',Users/rohan/Downloads/Music/A Boogie With Da Hoodie - Jungle (Collini Electronic Pulse Redrum Edit) (Dirty) 6A 95.mp3,file_not_found,
143,P-Square - Personally (AZ DJ Melo Edit),Music,'Users/rohan/Downloads/Music/P-Square - Personally (AZ DJ Melo Edit).mp3',Users/rohan/Downloads/Music/P-Square - Personally (AZ DJ Melo Edit).mp3,file_not_found,
144,Macklemore & Ryan Lewis ft. Ray Dalton - Can't Hold Us - Richastic Remix (Intro - Clean),Music,"""Users/rohan/Downloads/Music/Macklemore & Ryan Lewis ft. Ray Dalton - Can't Hold Us - Richastic Remix (Intro - Clean).mp3""",Users/rohan/Downloads/Music/Macklemore & Ryan Lewis ft. Ray Dalton - Can't Hold Us - Richastic Remix (Intro - Clean).mp3,file_not_found,
145,Where Do You Go (Ocean Drive Mix - 127 BPM),Music,'Users/rohan/Downloads/Music/Where Do You Go (Ocean Drive Mix - 127 BPM).mp3',Users/rohan/Downloads/Music/Where Do You Go (Ocean Drive Mix - 127 BPM).mp3,file_not_found,
146,Lirico En La Casa - El Motorcito (Intro - Clean) 4A 118,Music,'Users/rohan/Downloads/Music/Lirico En La Casa - El Motorcito (Intro - Clean) 4A 118.mp3',Users/rohan/Downloads/Music/Lirico En La Casa - El Motorcito (Intro - Clean) 4A 118.mp3,file_not_found,
147,Rihanna - Dont Stop The Music (Afro-House) 123 Bpm 123,Music,'Users/rohan/Downloads/Music/Rihanna - Dont Stop The Music (Afro-House) 123 Bpm 123.mp3',Users/rohan/Downloads/Music/Rihanna - Dont Stop The Music (Afro-House) 123 Bpm 123.mp3,file_not_found,
148,Beyoncé - Crazy In Love (Steve D Redrum)[CLEAN],Music,'Users/rohan/Downloads/Music/Beyoncé - Crazy In Love (Steve D Redrum)[CLEAN].mp3',Users/rohan/Downloads/Music/Beyoncé - Crazy In Love (Steve D Redrum)[CLEAN].mp3,file_not_found,
149,Tyla - Water (CK Intro - Clean) 3A 117,Music,'Users/rohan/Downloads/Music/Tyla - Water (CK Intro - Clean) 3A 117.mp3',Users/rohan/Downloads/Music/Tyla - Water (CK Intro - Clean) 3A 117.mp3,file_not_found,
150,Don-Toliver-FWU-RED-SIP-Remix-Dirty-132-5A,Music,'Users/rohan/Downloads/Music/Don-Toliver-FWU-RED-SIP-Remix-Dirty-132-5A.mp3',Users/rohan/Downloads/Music/Don-Toliver-FWU-RED-SIP-Remix-Dirty-132-5A.mp3,file_not_found,
151,Drake & Central Cee - Which One - Trayze Remix (Clean),Music,'Users/rohan/Downloads/Music/Drake & Central Cee - Which One - Trayze Remix (Clean).mp3',Users/rohan/Downloads/Music/Drake & Central Cee - Which One - Trayze Remix (Clean).mp3,file_not_found,
152,Drake - Virginia Beach (Intro Dirty),Music,'Users/rohan/Downloads/Music/Drake - Virginia Beach (Intro Dirty).mp3',Users/rohan/Downloads/Music/Drake - Virginia Beach (Intro Dirty).mp3,file_not_found,
153,"Bruno Mars & Sexyy Red - Fat, Juicy, & Wet (DJ ROCCO & DJ EVER B R&B Remix) (Clean)",Music,"'Users/rohan/Downloads/Music/Bruno Mars & Sexyy Red - Fat, Juicy, & Wet (DJ ROCCO & DJ EVER B R&B Remix) (Clean).mp3'","Users/rohan/Downloads/Music/Bruno Mars & Sexyy Red - Fat, Juicy, & Wet (DJ ROCCO & DJ EVER B R&B Remix) (Clean).mp3",file_not_found,
154,Moliy & Silent Addy ft. Skillibeng & Shenseea - Shake It To The Max (FLY) - MarkCutz Miami Bass Remix (Intro - Clean),Music,'Users/rohan/Downloads/Music/Moliy & Silent Addy ft. Skillibeng & Shenseea - Shake It To The Max (FLY) - MarkCutz Miami Bass Remix (Intro - Clean).mp3',Users/rohan/Downloads/Music/Moliy & Silent Addy ft. Skillibeng & Shenseea - Shake It To The Max (FLY) - MarkCutz Miami Bass Remix (Intro - Clean).mp3,file_not_found,
155,Bryson Tiller Don´t (FNKY Remix),Music,'Users/rohan/Downloads/Music/Bryson Tiller Don´t (FNKY Remix).mp3',Users/rohan/Downloads/Music/Bryson Tiller Don´t (FNKY Remix).mp3,file_not_found,
156,Calvin Harris - Summer (Starjack Epic Redrum)[Clean],Music,'Users/rohan/Downloads/Music/Calvin Harris - Summer (Starjack Epic Redrum)[Clean].mp3',Users/rohan/Downloads/Music/Calvin Harris - Summer (Starjack Epic Redrum)[Clean].mp3,file_not_found,
157,Destiny&#039;s Child - Say My Name (2),Music,'Users/rohan/Downloads/Music/Destiny&#039;s Child - Say My Name (2).mp3',Users/rohan/Downloads/Music/Destiny&#039;s Child - Say My Name (2).mp3,file_not_found,
158,Roshan Prince - Look - Deejay JSG Remix,Music,'Users/rohan/Downloads/Music/Roshan Prince - Look - Deejay JSG Remix.mp3',Users/rohan/Downloads/Music/Roshan Prince - Look - Deejay JSG Remix.mp3,file_not_found,
159,Suave - El Alfa - LeXeDIT - Dembow Horn Intro - Outro - 120 Bpm,Music,'Users/rohan/Downloads/Music/Suave - El Alfa - LeXeDIT - Dembow Horn Intro - Outro - 120 Bpm.mp3',Users/rohan/Downloads/Music/Suave - El Alfa - LeXeDIT - Dembow Horn Intro - Outro - 120 Bpm.mp3,file_not_found,
160,Bryson Tiller - Whatever She Wants (Dirty),Music,'Users/rohan/Downloads/Music/Bryson Tiller - Whatever She Wants (Dirty).mp3',Users/rohan/Downloads/Music/Bryson Tiller - Whatever She Wants (Dirty).mp3,file_not_found,
161,Baby Bash - Suga Suga (Clean Intro) 83,Music,'Users/rohan/Downloads/Music/Baby Bash - Suga Suga (Clean Intro) 83.mp3',Users/rohan/Downloads/Music/Baby Bash - Suga Suga (Clean Intro) 83.mp3,file_not_found,
162,Rufus-Du-Sol-Innerbloom-Franz-Ragga-2021-Mix-127-6A,Music,'Users/rohan/Downloads/Music/Rufus-Du-Sol-Innerbloom-Franz-Ragga-2021-Mix-127-6A.mp3',Users/rohan/Downloads/Music/Rufus-Du-Sol-Innerbloom-Franz-Ragga-2021-Mix-127-6A.mp3,file_not_found,
163,Don Toliver & Speedy – LV Bag (DJ ROCCO & DJ EVER B Remix) (Dirty),Music,'Users/rohan/Downloads/Music/Don Toliver & Speedy – LV Bag (DJ ROCCO & DJ EVER B Remix) (Dirty).mp3',Users/rohan/Downloads/Music/Don Toliver & Speedy – LV Bag (DJ ROCCO & DJ EVER B Remix) (Dirty).mp3,file_not_found,
164,54- Axwell __ Ingrosso - More Than You Know,Music,'Users/rohan/Downloads/Music/54- Axwell __ Ingrosso - More Than You Know.mp3',Users/rohan/Downloads/Music/54- Axwell __ Ingrosso - More Than You Know.mp3,file_not_found,
165,Future Ft. Drake - Where Ya At (Dirty Intro) 108,Music,'Users/rohan/Downloads/Music/Future Ft. Drake - Where Ya At (Dirty Intro) 108.mp3',Users/rohan/Downloads/Music/Future Ft. Drake - Where Ya At (Dirty Intro) 108.mp3,file_not_found,
166,Central Cee feat. Lil Durk - Truth in the Lies (DJ ROCCO & DJ EVER B Remix) (Clean),Music,'Users/rohan/Downloads/Music/Central Cee feat. Lil Durk - Truth in the Lies (DJ ROCCO & DJ EVER B Remix) (Clean).mp3',Users/rohan/Downloads/Music/Central Cee feat. Lil Durk - Truth in the Lies (DJ ROCCO & DJ EVER B Remix) (Clean).mp3,file_not_found,
167,Baby (NOAYDI Afro House Remix) Extended,Music,'Users/rohan/Downloads/Music/Baby (NOAYDI Afro House Remix) Extended.wav',Users/rohan/Downloads/Music/Baby (NOAYDI Afro House Remix) Extended.wav,file_not_found,
168,Radha (Student Of The Year) - (Raag.Fm),Music,'Users/rohan/Downloads/Music/Radha (Student Of The Year) - (Raag.Fm).mp3',Users/rohan/Downloads/Music/Radha (Student Of The Year) - (Raag.Fm).mp3,file_not_found,
169,"Bran, Afronom, Mannymore - Lugar Favorito 120",Music,"'Users/rohan/Downloads/Music/Bran, Afronom, Mannymore - Lugar Favorito 120.mp3'","Users/rohan/Downloads/Music/Bran, Afronom, Mannymore - Lugar Favorito 120.mp3",file_not_found,
170,Pitbull - Guantanamera (She's Hot) - Alex Selas Alors On Danse Remix,Music,"""Users/rohan/Downloads/Music/Pitbull - Guantanamera (She's Hot) - Alex Selas Alors On Danse Remix.mp3""",Users/rohan/Downloads/Music/Pitbull - Guantanamera (She's Hot) - Alex Selas Alors On Danse Remix.mp3,file_not_found,
171,Avish Jain performance music,Music,'Users/rohan/Downloads/Music/Avish Jain performance music.mp3',Users/rohan/Downloads/Music/Avish Jain performance music.mp3,file_not_found,
172,Tory Lanez & Ozuna - Pa Mi [Intro - Clean],Music,'Users/rohan/Downloads/Music/Tory Lanez & Ozuna - Pa Mi [Intro - Clean].mp3',Users/rohan/Downloads/Music/Tory Lanez & Ozuna - Pa Mi [Intro - Clean].mp3,file_not_found,
173,Right Now (FaceTyme Remix) 132 Ebm (1),Music,'Users/rohan/Downloads/Music/Right Now (FaceTyme Remix) 132 Ebm (1).mp3',Users/rohan/Downloads/Music/Right Now (FaceTyme Remix) 132 Ebm (1).mp3,file_not_found,
174,The Weeknd - The Hills - Diego Druck Remix (Dirty),Music,'Users/rohan/Downloads/Music/The Weeknd - The Hills - Diego Druck Remix (Dirty).mp3',Users/rohan/Downloads/Music/The Weeknd - The Hills - Diego Druck Remix (Dirty).mp3,file_not_found,
175,London Thumakda x Can't Hold Us v5,Music,"""Users/rohan/Downloads/Music/London Thumakda x Can't Hold Us v5.mp3""",Users/rohan/Downloads/Music/London Thumakda x Can't Hold Us v5.mp3,file_not_found,
176,Central Cee feat. Lil Durk - Truth in the Lies (DJ ROCCO & DJ EVER B Remix) (Dirty),Music,'Users/rohan/Downloads/Music/Central Cee feat. Lil Durk - Truth in the Lies (DJ ROCCO & DJ EVER B Remix) (Dirty).mp3',Users/rohan/Downloads/Music/Central Cee feat. Lil Durk - Truth in the Lies (DJ ROCCO & DJ EVER B Remix) (Dirty).mp3,file_not_found,
177,HUGEL-Nicone-Sascha-Braemer-Tony-Romera-feat.-Mydoz-Caje-124-4A,Music,'Users/rohan/Downloads/Music/HUGEL-Nicone-Sascha-Braemer-Tony-Romera-feat.-Mydoz-Caje-124-4A.mp3',Users/rohan/Downloads/Music/HUGEL-Nicone-Sascha-Braemer-Tony-Romera-feat.-Mydoz-Caje-124-4A.mp3,file_not_found,
178,Disco-Lines-Tinashe-No-Broke-Boys-Clean-131-1A,Music,'Users/rohan/Downloads/Music/Disco-Lines-Tinashe-No-Broke-Boys-Clean-131-1A.mp3',Users/rohan/Downloads/Music/Disco-Lines-Tinashe-No-Broke-Boys-Clean-131-1A.mp3,file_not_found,
179,Timbaland - The Way I Are (Higher Lane & HLX Afro Remix),Music,'Users/rohan/Downloads/Music/Timbaland - The Way I Are (Higher Lane & HLX Afro Remix).wav',Users/rohan/Downloads/Music/Timbaland - The Way I Are (Higher Lane & HLX Afro Remix).wav,file_not_found,
180,Rebecca - Ryan Castro - Dj Wilmer Duran - Reggaeton Intro Break & Outro - 95bpm,Music,'Users/rohan/Downloads/Music/Rebecca - Ryan Castro - Dj Wilmer Duran - Reggaeton Intro Break & Outro - 95bpm.mp3',Users/rohan/Downloads/Music/Rebecca - Ryan Castro - Dj Wilmer Duran - Reggaeton Intro Break & Outro - 95bpm.mp3,file_not_found,
181,ASAP Ferg - Plain Jane (CK Intro - Clean) 2A 85,Music,'Users/rohan/Downloads/Music/ASAP Ferg - Plain Jane (CK Intro - Clean) 2A 85.mp3',Users/rohan/Downloads/Music/ASAP Ferg - Plain Jane (CK Intro - Clean) 2A 85.mp3,file_not_found,
182,Na Na Na Re full song,Music,'Users/rohan/Downloads/Music/Na Na Na Re full song.mp3',Users/rohan/Downloads/Music/Na Na Na Re full song.mp3,file_not_found,
183,Shake it to 'O Sajna' (Intro - Clean),Music,"""Users/rohan/Downloads/Music/Shake it to 'O Sajna' (Intro - Clean).mp3""",Users/rohan/Downloads/Music/Shake it to 'O Sajna' (Intro - Clean).mp3,file_not_found,
184,FISHER & Jennifer Lopez - Waiting For Tonight - Mark Anthony Show Me Love Edit,Music,'Users/rohan/Downloads/Music/FISHER & Jennifer Lopez - Waiting For Tonight - Mark Anthony Show Me Love Edit.mp3',Users/rohan/Downloads/Music/FISHER & Jennifer Lopez - Waiting For Tonight - Mark Anthony Show Me Love Edit.mp3,file_not_found,
185,133. The Black Eyed Peas - I Gotta Feeling (Intro - Clean) Ck Cut,Music,'Users/rohan/Downloads/Music/133. The Black Eyed Peas - I Gotta Feeling (Intro - Clean) Ck Cut.mp3',Users/rohan/Downloads/Music/133. The Black Eyed Peas - I Gotta Feeling (Intro - Clean) Ck Cut.mp3,file_not_found,
186,Cymatics - White Noise Uplifter 9,Music,'Users/rohan/Downloads/Music/Cymatics - White Noise Uplifter 9.wav',Users/rohan/Downloads/Music/Cymatics - White Noise Uplifter 9.wav,file_not_found,
187,Siangyoo (Snooze),Music,'Users/rohan/Downloads/Music/Siangyoo (Snooze).mp3',Users/rohan/Downloads/Music/Siangyoo (Snooze).mp3,file_not_found,
188,Kanye West - Cant Tell Me Nothing (Intro - Clean),Music,'Users/rohan/Downloads/Music/Kanye West - Cant Tell Me Nothing (Intro - Clean).mp3',Users/rohan/Downloads/Music/Kanye West - Cant Tell Me Nothing (Intro - Clean).mp3,file_not_found,
189,Travis Scott - Antidote (CK Intro - Dirty) 2A 65,Music,'Users/rohan/Downloads/Music/Travis Scott - Antidote (CK Intro - Dirty) 2A 65.mp3',Users/rohan/Downloads/Music/Travis Scott - Antidote (CK Intro - Dirty) 2A 65.mp3,file_not_found,
190,Drake - What Did I Miss (CK Intro - Clean) 7A 64,Music,'Users/rohan/Downloads/Music/Drake - What Did I Miss (CK Intro - Clean) 7A 64.mp3',Users/rohan/Downloads/Music/Drake - What Did I Miss (CK Intro - Clean) 7A 64.mp3,file_not_found,
191,Killer Mike - HUMBLE ME (CK Intro - Clean) 4A 69,Music,'Users/rohan/Downloads/Music/Killer Mike - HUMBLE ME (CK Intro - Clean) 4A 69.mp3',Users/rohan/Downloads/Music/Killer Mike - HUMBLE ME (CK Intro - Clean) 4A 69.mp3,file_not_found,
192,"HUGEL, Lirico En La Casa & Merk & Kremont - Marianela (Qué Pasa)",Music,"'Users/rohan/Downloads/Music/HUGEL, Lirico En La Casa & Merk & Kremont - Marianela (Qué Pasa).mp3'","Users/rohan/Downloads/Music/HUGEL, Lirico En La Casa & Merk & Kremont - Marianela (Qué Pasa).mp3",file_not_found,
193,Make My Love Go (Maluma Remix),Music,'Users/rohan/Downloads/Music/Make My Love Go (Maluma Remix).mp3',Users/rohan/Downloads/Music/Make My Love Go (Maluma Remix).mp3,file_not_found,
194,The Weeknd Ft Future Low Life Redrum Dirty,Music,'Users/rohan/Downloads/Music/The Weeknd Ft Future Low Life Redrum Dirty.mp3',Users/rohan/Downloads/Music/The Weeknd Ft Future Low Life Redrum Dirty.mp3,file_not_found,
195,Justin-Bieber-DAISIES-MOOSE-Edit-105-4A,Music,'Users/rohan/Downloads/Music/Justin-Bieber-DAISIES-MOOSE-Edit-105-4A.mp3',Users/rohan/Downloads/Music/Justin-Bieber-DAISIES-MOOSE-Edit-105-4A.mp3,file_not_found,
196,Kendrick Lamar & SZA - All The Stars (Intro - Dirty),Music,'Users/rohan/Downloads/Music/Kendrick Lamar & SZA - All The Stars (Intro - Dirty).mp3',Users/rohan/Downloads/Music/Kendrick Lamar & SZA - All The Stars (Intro - Dirty).mp3,file_not_found,
197,Eo0 - Brian Matrix Remix (Clean),Music,'Users/rohan/Downloads/Music/Eo0 - Brian Matrix Remix (Clean).mp3',Users/rohan/Downloads/Music/Eo0 - Brian Matrix Remix (Clean).mp3,file_not_found,
198,Empire Of The Sun - Walking On A Dream - BLOND_ISH Remix (Intro - Clean),Music,'Users/rohan/Downloads/Music/Empire Of The Sun - Walking On A Dream - BLOND_ISH Remix (Intro - Clean).mp3',Users/rohan/Downloads/Music/Empire Of The Sun - Walking On A Dream - BLOND_ISH Remix (Intro - Clean).mp3,file_not_found,
199,Macklemore & Ryan Lewis ft. Ray Dalton - Can't Hold Us - Richastic Remix (Intro - Dirty),Music,"""Users/rohan/Downloads/Music/Macklemore & Ryan Lewis ft. Ray Dalton - Can't Hold Us - Richastic Remix (Intro - Dirty).mp3""",Users/rohan/Downloads/Music/Macklemore & Ryan Lewis ft. Ray Dalton - Can't Hold Us - Richastic Remix (Intro - Dirty).mp3,file_not_found,
200,Beyonce X Twista - Cuff It Wetter (Esentrik) FaceTyme UKG Flip - INTRO DIRTY 132,Music,'Users/rohan/Downloads/Music/Beyonce X Twista - Cuff It Wetter (Esentrik) FaceTyme UKG Flip - INTRO DIRTY 132.mp3',Users/rohan/Downloads/Music/Beyonce X Twista - Cuff It Wetter (Esentrik) FaceTyme UKG Flip - INTRO DIRTY 132.mp3,file_not_found,
201,Drake & Central Cee - Which One - Trayze Remix (Dirty),Music,'Users/rohan/Downloads/Music/Drake & Central Cee - Which One - Trayze Remix (Dirty).mp3',Users/rohan/Downloads/Music/Drake & Central Cee - Which One - Trayze Remix (Dirty).mp3,file_not_found,
202,Drake - Virginia Beach (Intro Clean),Music,'Users/rohan/Downloads/Music/Drake - Virginia Beach (Intro Clean).mp3',Users/rohan/Downloads/Music/Drake - Virginia Beach (Intro Clean).mp3,file_not_found,
203,"Bruno Mars & Sexyy Red - Fat, Juicy, & Wet (DJ ROCCO & DJ EVER B R&B Remix) (Dirty)",Music,"'Users/rohan/Downloads/Music/Bruno Mars & Sexyy Red - Fat, Juicy, & Wet (DJ ROCCO & DJ EVER B R&B Remix) (Dirty).mp3'","Users/rohan/Downloads/Music/Bruno Mars & Sexyy Red - Fat, Juicy, & Wet (DJ ROCCO & DJ EVER B R&B Remix) (Dirty).mp3",file_not_found,
204,Drake - What Did I Miss - Hills Remix (Dirty),Music,'Users/rohan/Downloads/Music/Drake - What Did I Miss - Hills Remix (Dirty).mp3',Users/rohan/Downloads/Music/Drake - What Did I Miss - Hills Remix (Dirty).mp3,file_not_found,
205,Active x Yaad Piya - DJ Aura Edit,Music,'Users/rohan/Downloads/Music/Active x Yaad Piya - DJ Aura Edit.mp3',Users/rohan/Downloads/Music/Active x Yaad Piya - DJ Aura Edit.mp3,file_not_found,
206,Bad Bunny - DtMF (GROSSOMODDO Remix),Music,'Users/rohan/Downloads/Music/Bad Bunny - DtMF (GROSSOMODDO Remix).mp3',Users/rohan/Downloads/Music/Bad Bunny - DtMF (GROSSOMODDO Remix).mp3,file_not_found,
207,Tiesto - Lay Low (Radio Edit),Music,'Users/rohan/Downloads/Music/Tiesto - Lay Low (Radio Edit).mp3',Users/rohan/Downloads/Music/Tiesto - Lay Low (Radio Edit).mp3,file_not_found,
208,Ed Sheeran F. Arijit Singh - Sapphire 95,Music,'Users/rohan/Downloads/Music/Ed Sheeran F. Arijit Singh - Sapphire 95.mp3',Users/rohan/Downloads/Music/Ed Sheeran F. Arijit Singh - Sapphire 95.mp3,file_not_found,
209,Jerry Wallis  The Chainsmokers - Closer (R3hab Moombahton Redrum)[Clean],Music,'Users/rohan/Downloads/Music/Jerry Wallis  The Chainsmokers - Closer (R3hab Moombahton Redrum)[Clean].mp3',Users/rohan/Downloads/Music/Jerry Wallis  The Chainsmokers - Closer (R3hab Moombahton Redrum)[Clean].mp3,file_not_found,
210,72. Daddy Yankee Ft Anuel Aa - Adictiva (Ck Intro - Clean),Music,'Users/rohan/Downloads/Music/72. Daddy Yankee Ft Anuel Aa - Adictiva (Ck Intro - Clean).mp3',Users/rohan/Downloads/Music/72. Daddy Yankee Ft Anuel Aa - Adictiva (Ck Intro - Clean).mp3,file_not_found,
211,Justin Timberlake  (Jay-Z) -  Suit & Tie (Intro),Music,'Users/rohan/Downloads/Music/Justin Timberlake  (Jay-Z) -  Suit & Tie (Intro).mp3',Users/rohan/Downloads/Music/Justin Timberlake  (Jay-Z) -  Suit & Tie (Intro).mp3,file_not_found,
212,ItsArius & Lynnic - Cornfield Chase (Extended Mix),Music,'Users/rohan/Downloads/Music/ItsArius & Lynnic - Cornfield Chase (Extended Mix).wav',Users/rohan/Downloads/Music/ItsArius & Lynnic - Cornfield Chase (Extended Mix).wav,file_not_found,
213,HYALYTE x MXTT HXLL - Memories (Up. Records),Music,'Users/rohan/Downloads/Music/HYALYTE x MXTT HXLL - Memories (Up. Records).wav',Users/rohan/Downloads/Music/HYALYTE x MXTT HXLL - Memories (Up. Records).wav,file_not_found,
214,The Weeknd - Reminder (Intro - Dirty),Music,'Users/rohan/Downloads/Music/The Weeknd - Reminder (Intro - Dirty).mp3',Users/rohan/Downloads/Music/The Weeknd - Reminder (Intro - Dirty).mp3,file_not_found,
215,Suit & Tie (feat. JAY Z),Music,'Users/rohan/Downloads/Music/Suit & Tie (feat. JAY Z).mp3',Users/rohan/Downloads/Music/Suit & Tie (feat. JAY Z).mp3,file_not_found,
216,Jay-Sean-vs.-WildVibes-Patrick-Key-Down-Dario-Valli-2023-Edit-128-10B,Music,'Users/rohan/Downloads/Music/Jay-Sean-vs.-WildVibes-Patrick-Key-Down-Dario-Valli-2023-Edit-128-10B.mp3',Users/rohan/Downloads/Music/Jay-Sean-vs.-WildVibes-Patrick-Key-Down-Dario-Valli-2023-Edit-128-10B.mp3,file_not_found,
217,Drake & Central Cee - Which One - Da Phonk Club Edit (Dirty),Music,'Users/rohan/Downloads/Music/Drake & Central Cee - Which One - Da Phonk Club Edit (Dirty).mp3',Users/rohan/Downloads/Music/Drake & Central Cee - Which One - Da Phonk Club Edit (Dirty).mp3,file_not_found,
218,HUGEL-Topic-Arash-feat.-Daecolm-I-Adore-You-ARTBAT-Remix-124-10A,Music,'Users/rohan/Downloads/Music/HUGEL-Topic-Arash-feat.-Daecolm-I-Adore-You-ARTBAT-Remix-124-10A.mp3',Users/rohan/Downloads/Music/HUGEL-Topic-Arash-feat.-Daecolm-I-Adore-You-ARTBAT-Remix-124-10A.mp3,file_not_found,
219,Cheat Codes - Balenciaga (Extended Redrum) 126 bpm Clean,Music,'Users/rohan/Downloads/Music/Cheat Codes - Balenciaga (Extended Redrum) 126 bpm Clean.mp3',Users/rohan/Downloads/Music/Cheat Codes - Balenciaga (Extended Redrum) 126 bpm Clean.mp3,file_not_found,
220,Jim Jones  -  We Fly High  (Ballin) (Intro),Music,'Users/rohan/Downloads/Music/Jim Jones  -  We Fly High  (Ballin) (Intro).mp3',Users/rohan/Downloads/Music/Jim Jones  -  We Fly High  (Ballin) (Intro).mp3,file_not_found,
221,HUGEL-David-Guetta-Kehlani-Daecolm-Think-Of-Me-120-3B,Music,'Users/rohan/Downloads/Music/HUGEL-David-Guetta-Kehlani-Daecolm-Think-Of-Me-120-3B.mp3',Users/rohan/Downloads/Music/HUGEL-David-Guetta-Kehlani-Daecolm-Think-Of-Me-120-3B.mp3,file_not_found,
222,Outkast - Hey Ya!,Music,'Users/rohan/Downloads/Music/Outkast - Hey Ya!.mp3',Users/rohan/Downloads/Music/Outkast - Hey Ya!.mp3,file_not_found,
223,Stevie Wonder - Isn't She Lovely (Clean),Music,"""Users/rohan/Downloads/Music/Stevie Wonder - Isn't She Lovely (Clean).mp3""",Users/rohan/Downloads/Music/Stevie Wonder - Isn't She Lovely (Clean).mp3,file_not_found,
224,Megan Thee Stallion & Yuki Chiba - Mamushi (ErickaVee Re-Drum Edit),Music,'Users/rohan/Downloads/Music/Megan Thee Stallion & Yuki Chiba - Mamushi (ErickaVee Re-Drum Edit).mp3',Users/rohan/Downloads/Music/Megan Thee Stallion & Yuki Chiba - Mamushi (ErickaVee Re-Drum Edit).mp3,file_not_found,
225,CNCO - Hey DJ (Dj Intro Short)[Clean],Music,'Users/rohan/Downloads/Music/CNCO - Hey DJ (Dj Intro Short)[Clean].mp3',Users/rohan/Downloads/Music/CNCO - Hey DJ (Dj Intro Short)[Clean].mp3,file_not_found,
226,Teriyaki Boyz - Tokyo Drift (HayaT Remix) Clean 2A 127,Music,'Users/rohan/Downloads/Music/Teriyaki Boyz - Tokyo Drift (HayaT Remix) Clean 2A 127.mp3',Users/rohan/Downloads/Music/Teriyaki Boyz - Tokyo Drift (HayaT Remix) Clean 2A 127.mp3,file_not_found,
227,John-Summit-Hayla-Where-You-Are-Zedd-Remix-Radio-Edit-130-8A,Music,'Users/rohan/Downloads/Music/John-Summit-Hayla-Where-You-Are-Zedd-Remix-Radio-Edit-130-8A.mp3',Users/rohan/Downloads/Music/John-Summit-Hayla-Where-You-Are-Zedd-Remix-Radio-Edit-130-8A.mp3,file_not_found,
228,Kehlani-Out-The-Window-Esentrik-Edit-Dirty-62-6B,Music,'Users/rohan/Downloads/Music/Kehlani-Out-The-Window-Esentrik-Edit-Dirty-62-6B.mp3',Users/rohan/Downloads/Music/Kehlani-Out-The-Window-Esentrik-Edit-Dirty-62-6B.mp3,file_not_found,
229,Aventura-Bad-Bunny-Volvi-Tony-B-Redrum-Dirty-98-2A,Music,'Users/rohan/Downloads/Music/Aventura-Bad-Bunny-Volvi-Tony-B-Redrum-Dirty-98-2A.mp3',Users/rohan/Downloads/Music/Aventura-Bad-Bunny-Volvi-Tony-B-Redrum-Dirty-98-2A.mp3,file_not_found,
230,Tegi Pannu - Schedule (Main),Music,'Users/rohan/Downloads/Music/Tegi Pannu - Schedule (Main).mp3',Users/rohan/Downloads/Music/Tegi Pannu - Schedule (Main).mp3,file_not_found,
231,Stromae - Alors On Danse (Dave Ruthwell 'Tribal' Edit),Music,"""Users/rohan/Downloads/Music/Stromae - Alors On Danse (Dave Ruthwell 'Tribal' Edit).mp3""",Users/rohan/Downloads/Music/Stromae - Alors On Danse (Dave Ruthwell 'Tribal' Edit).mp3,file_not_found,
232,Drake - N 2 Deep (Intro)[Clean],Music,'Users/rohan/Downloads/Music/Drake - N 2 Deep (Intro)[Clean].mp3',Users/rohan/Downloads/Music/Drake - N 2 Deep (Intro)[Clean].mp3,file_not_found,
233,Far East Movement - Rocketeer (NAJ Garage Edit),Music,'Users/rohan/Downloads/Music/Far East Movement - Rocketeer (NAJ Garage Edit).mp3',Users/rohan/Downloads/Music/Far East Movement - Rocketeer (NAJ Garage Edit).mp3,file_not_found,
234,Bad Bunny - NUEVAYoL - Rebel Remix (Dirty),Music,'Users/rohan/Downloads/Music/Bad Bunny - NUEVAYoL - Rebel Remix (Dirty).mp3',Users/rohan/Downloads/Music/Bad Bunny - NUEVAYoL - Rebel Remix (Dirty).mp3,file_not_found,
235,Future & Lil Uzi Vert - Drankin N Smokin (CK Intro - Dirty) 7A 76,Music,'Users/rohan/Downloads/Music/Future & Lil Uzi Vert - Drankin N Smokin (CK Intro - Dirty) 7A 76.mp3',Users/rohan/Downloads/Music/Future & Lil Uzi Vert - Drankin N Smokin (CK Intro - Dirty) 7A 76.mp3,file_not_found,
236,Gunna - Got Damn (DJ ROCCO & DJ EVER B Remix) (Dirty),Music,'Users/rohan/Downloads/Music/Gunna - Got Damn (DJ ROCCO & DJ EVER B Remix) (Dirty).mp3',Users/rohan/Downloads/Music/Gunna - Got Damn (DJ ROCCO & DJ EVER B Remix) (Dirty).mp3,file_not_found,
237,Ne-Yo-Closer-Gilla-Remix-134-9A,Music,'Users/rohan/Downloads/Music/Ne-Yo-Closer-Gilla-Remix-134-9A.mp3',Users/rohan/Downloads/Music/Ne-Yo-Closer-Gilla-Remix-134-9A.mp3,file_not_found,
238,WOST - BOASTY TEK EDIT 01 (REMIX),Music,'Users/rohan/Downloads/Music/WOST - BOASTY TEK EDIT 01 (REMIX).mp3',Users/rohan/Downloads/Music/WOST - BOASTY TEK EDIT 01 (REMIX).mp3,file_not_found,
239,WizTheMc-bees-honey-Take-My-Mind-Radio-Edit-114-2A,Music,'Users/rohan/Downloads/Music/WizTheMc-bees-honey-Take-My-Mind-Radio-Edit-114-2A.mp3',Users/rohan/Downloads/Music/WizTheMc-bees-honey-Take-My-Mind-Radio-Edit-114-2A.mp3,file_not_found,
240,Drake - N 2 Deep (Intro)[Dirty],Music,'Users/rohan/Downloads/Music/Drake - N 2 Deep (Intro)[Dirty].mp3',Users/rohan/Downloads/Music/Drake - N 2 Deep (Intro)[Dirty].mp3,file_not_found,
241,Wayne Wonder - No Letting Go (Joshua Cove Edit),Music,'Users/rohan/Downloads/Music/Wayne Wonder - No Letting Go (Joshua Cove Edit).mp3',Users/rohan/Downloads/Music/Wayne Wonder - No Letting Go (Joshua Cove Edit).mp3,file_not_found,
242,Teriyaki Boyz - Tokyo Drift (Club),Music,'Users/rohan/Downloads/Music/Teriyaki Boyz - Tokyo Drift (Club).mp3',Users/rohan/Downloads/Music/Teriyaki Boyz - Tokyo Drift (Club).mp3,file_not_found,
243,Burna-Boy-Dont-Let-Me-Drown-113-12B,Music,'Users/rohan/Downloads/Music/Burna-Boy-Dont-Let-Me-Drown-113-12B.mp3',Users/rohan/Downloads/Music/Burna-Boy-Dont-Let-Me-Drown-113-12B.mp3,file_not_found,
244,"Carlos Vives, MichaelBM, Wakyin - Beso (Fruta Fresca) (Fruta Fresca)",Music,"'Users/rohan/Downloads/Music/Carlos Vives, MichaelBM, Wakyin - Beso (Fruta Fresca) (Fruta Fresca).mp3'","Users/rohan/Downloads/Music/Carlos Vives, MichaelBM, Wakyin - Beso (Fruta Fresca) (Fruta Fresca).mp3",file_not_found,
245,Tinashe-Nasty-100-2A,Music,'Users/rohan/Downloads/Music/Tinashe-Nasty-100-2A.mp3',Users/rohan/Downloads/Music/Tinashe-Nasty-100-2A.mp3,file_not_found,
246,Avicii - Levels (Retrovision Remix) (Even Steve Epic Intro) Clean 12A 128,Music,'Users/rohan/Downloads/Music/Avicii - Levels (Retrovision Remix) (Even Steve Epic Intro) Clean 12A 128.mp3',Users/rohan/Downloads/Music/Avicii - Levels (Retrovision Remix) (Even Steve Epic Intro) Clean 12A 128.mp3,file_not_found,
247,Ginuwine - Pony (CK Intro - Clean),Music,'Users/rohan/Downloads/Music/Ginuwine - Pony (CK Intro - Clean).mp3',Users/rohan/Downloads/Music/Ginuwine - Pony (CK Intro - Clean).mp3,file_not_found,
248,Saweetie-Tap-In-Intro-Clean-100-5A,Music,'Users/rohan/Downloads/Music/Saweetie-Tap-In-Intro-Clean-100-5A.mp3',Users/rohan/Downloads/Music/Saweetie-Tap-In-Intro-Clean-100-5A.mp3,file_not_found,
249,PramPranWeddingAud,Music,'Users/rohan/Downloads/Music/PramPranWeddingAud.mp3',Users/rohan/Downloads/Music/PramPranWeddingAud.mp3,file_not_found,
250,Ashanti-Only-U-Fuzz-2022-Edit-130-12A,Music,'Users/rohan/Downloads/Music/Ashanti-Only-U-Fuzz-2022-Edit-130-12A.mp3',Users/rohan/Downloads/Music/Ashanti-Only-U-Fuzz-2022-Edit-130-12A.mp3,file_not_found,
251,LL Cool J - Jingling Baby (Clean  Intro),Music,'Users/rohan/Downloads/Music/LL Cool J - Jingling Baby (Clean  Intro).mp3',Users/rohan/Downloads/Music/LL Cool J - Jingling Baby (Clean  Intro).mp3,file_not_found,
252,Dr Dre ft Snoop Dogg - Still D.R.E. (CK Intro - Clean),Music,'Users/rohan/Downloads/Music/Dr Dre ft Snoop Dogg - Still D.R.E. (CK Intro - Clean) .mp3',Users/rohan/Downloads/Music/Dr Dre ft Snoop Dogg - Still D.R.E. (CK Intro - Clean) .mp3,file_not_found,
253,Bruno Mars - Uptown Funk (Gin and Sonic Remix),Music,'Users/rohan/Downloads/Music/Bruno Mars - Uptown Funk (Gin and Sonic Remix).mp3',Users/rohan/Downloads/Music/Bruno Mars - Uptown Funk (Gin and Sonic Remix).mp3,file_not_found,
254,Pitbull & Elvis Crespo - Suave (Intro) 130,Music,'Users/rohan/Downloads/Music/Pitbull & Elvis Crespo - Suave (Intro) 130.mp3',Users/rohan/Downloads/Music/Pitbull & Elvis Crespo - Suave (Intro) 130.mp3,file_not_found,
255,Tyla - Push 2 Start (Santeo Edit) Up. Records,Music,'Users/rohan/Downloads/Music/Tyla - Push 2 Start (Santeo Edit) Up. Records.wav',Users/rohan/Downloads/Music/Tyla - Push 2 Start (Santeo Edit) Up. Records.wav,file_not_found,
256,Sister-Nancy-Bam-Bam-Federico-Bolletta-5HOURS-Remix-124-8A,Music,'Users/rohan/Downloads/Music/Sister-Nancy-Bam-Bam-Federico-Bolletta-5HOURS-Remix-124-8A.mp3',Users/rohan/Downloads/Music/Sister-Nancy-Bam-Bam-Federico-Bolletta-5HOURS-Remix-124-8A.mp3,file_not_found,
257,Drake & Central Cee - Which One - Da Phonk Club Edit (Clean),Music,'Users/rohan/Downloads/Music/Drake & Central Cee - Which One - Da Phonk Club Edit (Clean).mp3',Users/rohan/Downloads/Music/Drake & Central Cee - Which One - Da Phonk Club Edit (Clean).mp3,file_not_found,
258,Drake-feat.-Central-Cee-Which-One-Clean-120-7A,Music,'Users/rohan/Downloads/Music/Drake-feat.-Central-Cee-Which-One-Clean-120-7A.mp3',Users/rohan/Downloads/Music/Drake-feat.-Central-Cee-Which-One-Clean-120-7A.mp3,file_not_found,
259,Nardo Wick - Dah Dah DahDah (CK Intro - Dirty) 2A 84,Music,'Users/rohan/Downloads/Music/Nardo Wick - Dah Dah DahDah (CK Intro - Dirty) 2A 84.mp3',Users/rohan/Downloads/Music/Nardo Wick - Dah Dah DahDah (CK Intro - Dirty) 2A 84.mp3,file_not_found,
260,J-Balvin-Willy-William-Mi-Gente-ATGC-Remix-122-9A,Music,'Users/rohan/Downloads/Music/J-Balvin-Willy-William-Mi-Gente-ATGC-Remix-122-9A.mp3',Users/rohan/Downloads/Music/J-Balvin-Willy-William-Mi-Gente-ATGC-Remix-122-9A.mp3,file_not_found,
261,Pasoori_320(PagalWorld.com.sb),Music,'Users/rohan/Downloads/Music/Pasoori_320(PagalWorld.com.sb).mp3',Users/rohan/Downloads/Music/Pasoori_320(PagalWorld.com.sb).mp3,file_not_found,
262,Migos - Versace (Clean),Music,'Users/rohan/Downloads/Music/Migos - Versace (Clean).mp3',Users/rohan/Downloads/Music/Migos - Versace (Clean).mp3,file_not_found,
263,Calvin Harris - Thinking About You - FaceTyme Remix,Music,'Users/rohan/Downloads/Music/Calvin Harris - Thinking About You - FaceTyme Remix.mp3',Users/rohan/Downloads/Music/Calvin Harris - Thinking About You - FaceTyme Remix.mp3,file_not_found,
264,Akon ft Eminem  - Smack That (CK Intro - Dirty),Music,'Users/rohan/Downloads/Music/Akon ft Eminem  - Smack That (CK Intro - Dirty).mp3',Users/rohan/Downloads/Music/Akon ft Eminem  - Smack That (CK Intro - Dirty).mp3,file_not_found,
265,Avril Lavigne - Sk8er Boi [Intro Clean],Music,'Users/rohan/Downloads/Music/Avril Lavigne - Sk8er Boi [Intro Clean].mp3',Users/rohan/Downloads/Music/Avril Lavigne - Sk8er Boi [Intro Clean].mp3,file_not_found,
266,Raabta x Secret ID ( Flipsyd ),Music,'Users/rohan/Downloads/Music/AfroDesi June25/Raabta x Secret ID ( Flipsyd ).mp3',Users/rohan/Downloads/Music/AfroDesi June25/Raabta x Secret ID ( Flipsyd ).mp3,file_not_found,
267,Dard E Disco x Koi Jaye x Dhamar ( Flipsyd ),Music,'Users/rohan/Downloads/Music/AfroDesi June25/Dard E Disco x Koi Jaye x Dhamar ( Flipsyd ).mp3',Users/rohan/Downloads/Music/AfroDesi June25/Dard E Disco x Koi Jaye x Dhamar ( Flipsyd ).mp3,file_not_found,
268,Titliya Wargah x Impala ( Flipsyd ),Music,'Users/rohan/Downloads/Music/AfroDesi June25/Titliya Wargah x Impala ( Flipsyd ).mp3',Users/rohan/Downloads/Music/AfroDesi June25/Titliya Wargah x Impala ( Flipsyd ).mp3,file_not_found,
269,Tumse Hi x Casablanca ( Flipsyd ),Music,'Users/rohan/Downloads/Music/AfroDesi June25/Tumse Hi x Casablanca ( Flipsyd ).mp3',Users/rohan/Downloads/Music/AfroDesi June25/Tumse Hi x Casablanca ( Flipsyd ).mp3,file_not_found,
270,Jhol x Manara,Music,'Users/rohan/Downloads/Music/AfroDesi June25/Jhol x Manara.mp3',Users/rohan/Downloads/Music/AfroDesi June25/Jhol x Manara.mp3,file_not_found,
271,Chand Sifarish x Alameyo ( Flipsyd ),Music,'Users/rohan/Downloads/Music/AfroDesi June25/Chand Sifarish x Alameyo ( Flipsyd ).mp3',Users/rohan/Downloads/Music/AfroDesi June25/Chand Sifarish x Alameyo ( Flipsyd ).mp3,file_not_found,
272,Bol do na x  Spectrum ( Flipsyd ),Music,'Users/rohan/Downloads/Music/AfroDesi June25/Bol do na x  Spectrum ( Flipsyd ).mp3',Users/rohan/Downloads/Music/AfroDesi June25/Bol do na x  Spectrum ( Flipsyd ).mp3,file_not_found,
273,Rangeela Re x Loosing It ( Flipsyd ),Music,'Users/rohan/Downloads/Music/AfroDesi June25/Rangeela Re x Loosing It ( Flipsyd ).mp3',Users/rohan/Downloads/Music/AfroDesi June25/Rangeela Re x Loosing It ( Flipsyd ).mp3,file_not_found,
274,Doobay x Fanna x Acerkte ( Flipsyd ),Music,'Users/rohan/Downloads/Music/AfroDesi June25/Doobay x Fanna x Acerkte ( Flipsyd ).mp3',Users/rohan/Downloads/Music/AfroDesi June25/Doobay x Fanna x Acerkte ( Flipsyd ).mp3,file_not_found,
275,Urvashi Afro House Remix ( Flipsyd ),Music,'Users/rohan/Downloads/Music/AfroDesi June25/Urvashi Afro House Remix ( Flipsyd ).wav',Users/rohan/Downloads/Music/AfroDesi June25/Urvashi Afro House Remix ( Flipsyd ).wav,file_not_found,
276,Move Your Body x Sxy ( Flipsyd ),Music,'Users/rohan/Downloads/Music/AfroDesi June25/Move Your Body x Sxy ( Flipsyd ).mp3',Users/rohan/Downloads/Music/AfroDesi June25/Move Your Body x Sxy ( Flipsyd ).mp3,file_not_found,
277,Raanjhan x Life Is Simple ( Flipsyd ),Music,'Users/rohan/Downloads/Music/AfroDesi June25/Raanjhan x Life Is Simple ( Flipsyd ).mp3',Users/rohan/Downloads/Music/AfroDesi June25/Raanjhan x Life Is Simple ( Flipsyd ).mp3,file_not_found,
278,Ramta Jogi x Rakkas ( Flipsyd ),Music,'Users/rohan/Downloads/Music/AfroDesi June25/Ramta Jogi x Rakkas ( Flipsyd ).mp3',Users/rohan/Downloads/Music/AfroDesi June25/Ramta Jogi x Rakkas ( Flipsyd ).mp3,file_not_found,
279,Pal Pal x Malaya ( Flipsyd ),Music,'Users/rohan/Downloads/Music/AfroDesi June25/Pal Pal x Malaya ( Flipsyd ).mp3',Users/rohan/Downloads/Music/AfroDesi June25/Pal Pal x Malaya ( Flipsyd ).mp3,file_not_found,
280,Love Tujhe x Baiana ( Flipsyd ),Music,'Users/rohan/Downloads/Music/AfroDesi June25/Love Tujhe x Baiana ( Flipsyd ).mp3',Users/rohan/Downloads/Music/AfroDesi June25/Love Tujhe x Baiana ( Flipsyd ).mp3,file_not_found,
281,Chale Jaise Hawayein x Vazilando,Music,'Users/rohan/Downloads/Music/AfroDesi June25/Chale Jaise Hawayein x Vazilando.mp3',Users/rohan/Downloads/Music/AfroDesi June25/Chale Jaise Hawayein x Vazilando.mp3,file_not_found,
282,Wo Lamhe x Jungle ( Flipsyd ),Music,'Users/rohan/Downloads/Music/AfroDesi June25/Wo Lamhe x Jungle ( Flipsyd ).mp3',Users/rohan/Downloads/Music/AfroDesi June25/Wo Lamhe x Jungle ( Flipsyd ).mp3,file_not_found,
283,Jatt x Sicko Mode ( Flipsyd ),Music,'Users/rohan/Downloads/Music/AfroDesi June25/Jatt x Sicko Mode ( Flipsyd ).mp3',Users/rohan/Downloads/Music/AfroDesi June25/Jatt x Sicko Mode ( Flipsyd ).mp3,file_not_found,
284,Jiya Jale x Majnuna ( Flipsyd ),Music,'Users/rohan/Downloads/Music/AfroDesi June25/Jiya Jale x Majnuna ( Flipsyd ).mp3',Users/rohan/Downloads/Music/AfroDesi June25/Jiya Jale x Majnuna ( Flipsyd ).mp3,file_not_found,
285,Mann Mera x Gorah ( Flipsyd ),Music,'Users/rohan/Downloads/Music/AfroDesi June25/Mann Mera x Gorah ( Flipsyd ).mp3',Users/rohan/Downloads/Music/AfroDesi June25/Mann Mera x Gorah ( Flipsyd ).mp3,file_not_found,
286,Wishes x The Rapture ( Flipsyd ),Music,'Users/rohan/Downloads/Music/AfroDesi June25/Wishes x The Rapture ( Flipsyd ).mp3',Users/rohan/Downloads/Music/AfroDesi June25/Wishes x The Rapture ( Flipsyd ).mp3,file_not_found,
287,Justin Bieber vs Belinda Carlisle - Baby (Even Steve 'Heaven Is A Place On Earth' Wordplay Edit) CK Cut - Clean 5A 130,Music,"""Users/rohan/Downloads/Music/Even Steve - Useful Edits/Justin Bieber vs Belinda Carlisle - Baby (Even Steve 'Heaven Is A Place On Earth' Wordplay Edit) CK Cut - Clean 5A 130.mp3""",Users/rohan/Downloads/Music/Even Steve - Useful Edits/Justin Bieber vs Belinda Carlisle - Baby (Even Steve 'Heaven Is A Place On Earth' Wordplay Edit) CK Cut - Clean 5A 130.mp3,file_not_found,
288,Justin Bieber vs Belinda Carlisle - Baby (Even Steve 'Heaven Is A Place On Earth' Wordplay Edit) Intro - Clean 5A 130,Music,"""Users/rohan/Downloads/Music/Even Steve - Useful Edits/Justin Bieber vs Belinda Carlisle - Baby (Even Steve 'Heaven Is A Place On Earth' Wordplay Edit) Intro - Clean 5A 130.mp3""",Users/rohan/Downloads/Music/Even Steve - Useful Edits/Justin Bieber vs Belinda Carlisle - Baby (Even Steve 'Heaven Is A Place On Earth' Wordplay Edit) Intro - Clean 5A 130.mp3,file_not_found,
289,Chief Keef vs MR.BLACK - Don't Like (Even Steve 'After Party' Bootleg) Intro - Dirty 11A 128,Music,"""Users/rohan/Downloads/Music/Even Steve - Useful Edits/Chief Keef vs MR.BLACK - Don't Like (Even Steve 'After Party' Bootleg) Intro - Dirty 11A 128.mp3""",Users/rohan/Downloads/Music/Even Steve - Useful Edits/Chief Keef vs MR.BLACK - Don't Like (Even Steve 'After Party' Bootleg) Intro - Dirty 11A 128.mp3,file_not_found,
290,"Miley Cyrus, Hannah Montana - Best Of Both Worlds (Even Steve Remix) Epic In Clean 4A 128",Music,"'Users/rohan/Downloads/Music/Even Steve - Useful Edits/Miley Cyrus, Hannah Montana - Best Of Both Worlds (Even Steve Remix) Epic In Clean 4A 128.mp3'","Users/rohan/Downloads/Music/Even Steve - Useful Edits/Miley Cyrus, Hannah Montana - Best Of Both Worlds (Even Steve Remix) Epic In Clean 4A 128.mp3",file_not_found,
291,"Miley Cyrus, Hannah Montana - Best Of Both Worlds (Even Steve Remix) Intro - Clean 4A 128",Music,"'Users/rohan/Downloads/Music/Even Steve - Useful Edits/Miley Cyrus, Hannah Montana - Best Of Both Worlds (Even Steve Remix) Intro - Clean 4A 128.mp3'","Users/rohan/Downloads/Music/Even Steve - Useful Edits/Miley Cyrus, Hannah Montana - Best Of Both Worlds (Even Steve Remix) Intro - Clean 4A 128.mp3",file_not_found,
292,BAS EK PAL - CHANDAN & SAGAR EDIT (MELODIC TECHNO),Music,'Users/rohan/Downloads/Music/BOLLYWOOD GARDEN VOL-2/BAS EK PAL - CHANDAN & SAGAR EDIT (MELODIC TECHNO).mp3',Users/rohan/Downloads/Music/BOLLYWOOD GARDEN VOL-2/BAS EK PAL - CHANDAN & SAGAR EDIT (MELODIC TECHNO).mp3,file_not_found,
293,NAADAN PARINDEY - CHANDAN & SAGAR EDIT (MELODIC TECHNO),Music,'Users/rohan/Downloads/Music/BOLLYWOOD GARDEN VOL-2/NAADAN PARINDEY - CHANDAN & SAGAR EDIT (MELODIC TECHNO).mp3',Users/rohan/Downloads/Music/BOLLYWOOD GARDEN VOL-2/NAADAN PARINDEY - CHANDAN & SAGAR EDIT (MELODIC TECHNO).mp3,file_not_found,
294,AADAT - CHANDAN & SAGAR EDIT (MELODIC TECHNO),Music,'Users/rohan/Downloads/Music/BOLLYWOOD GARDEN VOL-2/AADAT - CHANDAN & SAGAR EDIT (MELODIC TECHNO).mp3',Users/rohan/Downloads/Music/BOLLYWOOD GARDEN VOL-2/AADAT - CHANDAN & SAGAR EDIT (MELODIC TECHNO).mp3,file_not_found,
295,MAR JAVAAN - CHANDAN & SAGAR EDIT (MELODIC TECHNO),Music,'Users/rohan/Downloads/Music/BOLLYWOOD GARDEN VOL-2/MAR JAVAAN - CHANDAN & SAGAR EDIT (MELODIC TECHNO).mp3',Users/rohan/Downloads/Music/BOLLYWOOD GARDEN VOL-2/MAR JAVAAN - CHANDAN & SAGAR EDIT (MELODIC TECHNO).mp3,file_not_found,
296,ZARA ZARA - CHANDAN & SAGAR EDIT (MELODIC TECHNO),Music,'Users/rohan/Downloads/Music/BOLLYWOOD GARDEN VOL-2/ZARA ZARA - CHANDAN & SAGAR EDIT (MELODIC TECHNO).mp3',Users/rohan/Downloads/Music/BOLLYWOOD GARDEN VOL-2/ZARA ZARA - CHANDAN & SAGAR EDIT (MELODIC TECHNO).mp3,file_not_found,
297,AE AJNABI - CHANDAN & SAGAR EDIT (MELODIC TECHNO),Music,'Users/rohan/Downloads/Music/BOLLYWOOD GARDEN VOL-2/AE AJNABI - CHANDAN & SAGAR EDIT (MELODIC TECHNO).mp3',Users/rohan/Downloads/Music/BOLLYWOOD GARDEN VOL-2/AE AJNABI - CHANDAN & SAGAR EDIT (MELODIC TECHNO).mp3,file_not_found,
298,Ravi B - _ Dance Ka Bhoot Remix _ Official Music Video 2022,Music,'Users/rohan/Downloads/Music/Import New Bollywood/Ravi B - _ Dance Ka Bhoot Remix _ Official Music Video 2022.mp3',Users/rohan/Downloads/Music/Import New Bollywood/Ravi B - _ Dance Ka Bhoot Remix _ Official Music Video 2022.mp3,file_not_found,
299,JRK - Aaja Maria 98 8A,Reception Dancefloor%%Must Play,'Users/rohan/Downloads/Music/JRK - Aaja Maria 98 8A.mp3',Users/rohan/Downloads/Music/JRK - Aaja Maria 98 8A.mp3,file_not_found,
300,Moliy & Silent Addy ft. Skillibeng & Shenseea - Shake It To The Max (FLY) - MarkCutz Miami Bass Remix (Intro - Clean),Reception Dancefloor%%Must Play,'Users/rohan/Downloads/Music/Moliy & Silent Addy ft. Skillibeng & Shenseea - Shake It To The Max (FLY) - MarkCutz Miami Bass Remix (Intro - Clean).mp3',Users/rohan/Downloads/Music/Moliy & Silent Addy ft. Skillibeng & Shenseea - Shake It To The Max (FLY) - MarkCutz Miami Bass Remix (Intro - Clean).mp3,file_not_found,
301,A.R. Rahman - Jai Ho (KVM & Zen Flo Remix) [From Slumdog Millionaire] FINAL MASTER,Reception Dancefloor%%Must Play,'Users/rohan/Downloads/Music/A.R. Rahman - Jai Ho (KVM & Zen Flo Remix) [From Slumdog Millionaire] FINAL MASTER.wav',Users/rohan/Downloads/Music/A.R. Rahman - Jai Ho (KVM & Zen Flo Remix) [From Slumdog Millionaire] FINAL MASTER.wav,file_not_found,
302,HUGEL-Nicone-Sascha-Braemer-Tony-Romera-feat.-Mydoz-Caje-124-4A,Reception Dancefloor%%Must Play,'Users/rohan/Downloads/Music/HUGEL-Nicone-Sascha-Braemer-Tony-Romera-feat.-Mydoz-Caje-124-4A.mp3',Users/rohan/Downloads/Music/HUGEL-Nicone-Sascha-Braemer-Tony-Romera-feat.-Mydoz-Caje-124-4A.mp3,file_not_found,
303,Nina-Sky-Move-Ya-Body-saie-Edit-129-12A,Reception Dancefloor%%Must Play,'Users/rohan/Downloads/Music/Nina-Sky-Move-Ya-Body-saie-Edit-129-12A.mp3',Users/rohan/Downloads/Music/Nina-Sky-Move-Ya-Body-saie-Edit-129-12A.mp3,file_not_found,
304,Calvin Harris - Summer (Starjack Epic Redrum)[Clean],Reception Dancefloor%%Must Play,'Users/rohan/Downloads/Music/Calvin Harris - Summer (Starjack Epic Redrum)[Clean].mp3',Users/rohan/Downloads/Music/Calvin Harris - Summer (Starjack Epic Redrum)[Clean].mp3,file_not_found,
305,Outkast - Hey Ya!,Reception Dancefloor%%Must Play,'Users/rohan/Downloads/Music/Outkast - Hey Ya!.mp3',Users/rohan/Downloads/Music/Outkast - Hey Ya!.mp3,file_not_found,
306,"The Chainsmokers, Jonita Gandhi, Guru Randhawa - Addicted (ਆਦੀ) feat Zerb, Ink",Reception Dancefloor%%Must Play,"'Users/rohan/Downloads/Music/The Chainsmokers, Jonita Gandhi, Guru Randhawa - Addicted (ਆਦੀ) feat Zerb, Ink.mp3'","Users/rohan/Downloads/Music/The Chainsmokers, Jonita Gandhi, Guru Randhawa - Addicted (ਆਦੀ) feat Zerb, Ink.mp3",file_not_found,
307,Waka Flocka Flame ft Wale & Roscoe Dash - No Hands (Club Killers Remix Epic In) Clean CK Cut 12A 140,Reception Dancefloor%%Must Play,'Users/rohan/Downloads/Music/Waka Flocka Flame ft Wale & Roscoe Dash - No Hands (Club Killers Remix Epic In) Clean CK Cut 12A 140.mp3',Users/rohan/Downloads/Music/Waka Flocka Flame ft Wale & Roscoe Dash - No Hands (Club Killers Remix Epic In) Clean CK Cut 12A 140.mp3,file_not_found,
308,Aventura-Bad-Bunny-Volvi-Tony-B-Redrum-Dirty-98-2A,Reception Dancefloor%%Must Play,'Users/rohan/Downloads/Music/Aventura-Bad-Bunny-Volvi-Tony-B-Redrum-Dirty-98-2A.mp3',Users/rohan/Downloads/Music/Aventura-Bad-Bunny-Volvi-Tony-B-Redrum-Dirty-98-2A.mp3,file_not_found,
309,Eo0 - Brian Matrix Remix (Clean),Reception Dancefloor%%Must Play,'Users/rohan/Downloads/Music/Eo0 - Brian Matrix Remix (Clean).mp3',Users/rohan/Downloads/Music/Eo0 - Brian Matrix Remix (Clean).mp3,file_not_found,
310,Bad Bunny - NUEVAYoL - Rebel Remix (Dirty),Reception Dancefloor%%Must Play,'Users/rohan/Downloads/Music/Bad Bunny - NUEVAYoL - Rebel Remix (Dirty).mp3',Users/rohan/Downloads/Music/Bad Bunny - NUEVAYoL - Rebel Remix (Dirty).mp3,file_not_found,
311,Daddy Yankee - Con Calma - Da Phonk Club Edit,Reception Dancefloor%%Must Play,'Users/rohan/Downloads/Music/Daddy Yankee - Con Calma - Da Phonk Club Edit.mp3',Users/rohan/Downloads/Music/Daddy Yankee - Con Calma - Da Phonk Club Edit.mp3,file_not_found,
312,Pitbull - Guantanamera (She's Hot) - Alex Selas Alors On Danse Remix,Reception Dancefloor%%Must Play,"""Users/rohan/Downloads/Music/Pitbull - Guantanamera (She's Hot) - Alex Selas Alors On Danse Remix.mp3""",Users/rohan/Downloads/Music/Pitbull - Guantanamera (She's Hot) - Alex Selas Alors On Danse Remix.mp3,file_not_found,
313,"HUGEL, Lirico En La Casa & Merk & Kremont - Marianela (Qué Pasa)",Reception Dancefloor%%Must Play,"'Users/rohan/Downloads/Music/HUGEL, Lirico En La Casa & Merk & Kremont - Marianela (Qué Pasa).mp3'","Users/rohan/Downloads/Music/HUGEL, Lirico En La Casa & Merk & Kremont - Marianela (Qué Pasa).mp3",file_not_found,
314,Lirico En La Casa - El Motorcito (Intro - Clean) 4A 118,Reception Dancefloor%%Must Play,'Users/rohan/Downloads/Music/Lirico En La Casa - El Motorcito (Intro - Clean) 4A 118.mp3',Users/rohan/Downloads/Music/Lirico En La Casa - El Motorcito (Intro - Clean) 4A 118.mp3,file_not_found,
315,"Carlos Vives, MichaelBM, Wakyin - Beso (Fruta Fresca) (Fruta Fresca)",Reception Dancefloor%%Must Play,"'Users/rohan/Downloads/Music/Carlos Vives, MichaelBM, Wakyin - Beso (Fruta Fresca) (Fruta Fresca).mp3'","Users/rohan/Downloads/Music/Carlos Vives, MichaelBM, Wakyin - Beso (Fruta Fresca) (Fruta Fresca).mp3",file_not_found,
316,Luis-Fonsi-Daddy-Yankee-Despacito-DJ-LEAD-Remix-100-10A,Reception Dancefloor%%Must Play,'Users/rohan/Downloads/Music/Luis-Fonsi-Daddy-Yankee-Despacito-DJ-LEAD-Remix-100-10A.mp3',Users/rohan/Downloads/Music/Luis-Fonsi-Daddy-Yankee-Despacito-DJ-LEAD-Remix-100-10A.mp3,file_not_found,
317,Afrojack & Eva Simons vs Third Party - Take Over Control (Frank Williams 2024 Edit) Clean 5B 128,Reception Dancefloor%%Must Play,'Users/rohan/Downloads/Music/Afrojack & Eva Simons vs Third Party - Take Over Control (Frank Williams 2024 Edit) Clean 5B 128.mp3',Users/rohan/Downloads/Music/Afrojack & Eva Simons vs Third Party - Take Over Control (Frank Williams 2024 Edit) Clean 5B 128.mp3,file_not_found,
318,Tyla - Push 2 Start (Santeo Edit) Up. Records,Reception Dancefloor%%Must Play,'Users/rohan/Downloads/Music/Tyla - Push 2 Start (Santeo Edit) Up. Records.wav',Users/rohan/Downloads/Music/Tyla - Push 2 Start (Santeo Edit) Up. Records.wav,file_not_found,
319,Baby Bash - Suga Suga (Clean Intro) 83,Reception Dancefloor%%Must Play,'Users/rohan/Downloads/Music/Baby Bash - Suga Suga (Clean Intro) 83.mp3',Users/rohan/Downloads/Music/Baby Bash - Suga Suga (Clean Intro) 83.mp3,file_not_found,
320,Ashanti-Only-U-Fuzz-2022-Edit-130-12A,Reception Dancefloor%%Must Play,'Users/rohan/Downloads/Music/Ashanti-Only-U-Fuzz-2022-Edit-130-12A.mp3',Users/rohan/Downloads/Music/Ashanti-Only-U-Fuzz-2022-Edit-130-12A.mp3,file_not_found,
321,"Bran, Afronom, Mannymore - Lugar Favorito 120",Reception Dancefloor%%Must Play,"'Users/rohan/Downloads/Music/Bran, Afronom, Mannymore - Lugar Favorito 120.mp3'","Users/rohan/Downloads/Music/Bran, Afronom, Mannymore - Lugar Favorito 120.mp3",file_not_found,
322,Calvin Harris - Thinking About You - FaceTyme Remix,Reception Dancefloor%%Must Play,'Users/rohan/Downloads/Music/Calvin Harris - Thinking About You - FaceTyme Remix.mp3',Users/rohan/Downloads/Music/Calvin Harris - Thinking About You - FaceTyme Remix.mp3,file_not_found,
323,Na Na Na Re full song,Reception Dancefloor%%Must Play,'Users/rohan/Downloads/Music/Na Na Na Re full song.mp3',Users/rohan/Downloads/Music/Na Na Na Re full song.mp3,file_not_found,
324,Chunnari Chunnari (Wedding Style Remix) _ DJ Kaash _ Biwi No.1 _ Salman Khan _ Sushmita Sen,Reception Dancefloor%%Must Play,'Users/rohan/Downloads/Music/Chunnari Chunnari (Wedding Style Remix) _ DJ Kaash _ Biwi No.1 _ Salman Khan _ Sushmita Sen.mp3',Users/rohan/Downloads/Music/Chunnari Chunnari (Wedding Style Remix) _ DJ Kaash _ Biwi No.1 _ Salman Khan _ Sushmita Sen.mp3,file_not_found,
325,Drake - Childs Play (Clean),Reception Dancefloor%%Must Play,'Users/rohan/Downloads/Music/Drake - Childs Play (Clean).mp3',Users/rohan/Downloads/Music/Drake - Childs Play (Clean).mp3,file_not_found,
326,Hero (MetroMix),Reception Dancefloor%%Must Play,'Users/rohan/Downloads/Music/Hero (MetroMix).mp3',Users/rohan/Downloads/Music/Hero (MetroMix).mp3,file_not_found,
327,Flo Milli  - Never Lose Me (Intro Clean),Reception Dancefloor%%Must Play,'Users/rohan/Downloads/Music/Flo Milli  - Never Lose Me (Intro Clean).mp3',Users/rohan/Downloads/Music/Flo Milli  - Never Lose Me (Intro Clean).mp3,file_not_found,
328,Flo Milli  - Never Lose Me (Intro Dirty),Reception Dancefloor%%Must Play,'Users/rohan/Downloads/Music/Flo Milli  - Never Lose Me (Intro Dirty).mp3',Users/rohan/Downloads/Music/Flo Milli  - Never Lose Me (Intro Dirty).mp3,file_not_found,
329,Kendrick Lamar & SZA - luther (Intro Dirty),Reception Dancefloor%%Must Play,'Users/rohan/Downloads/Music/Kendrick Lamar & SZA - luther (Intro Dirty).mp3',Users/rohan/Downloads/Music/Kendrick Lamar & SZA - luther (Intro Dirty).mp3,file_not_found,
330,Day-N-Nite-Sosa-2021-Edit-Intro,Reception Dancefloor%%Must Play,'Users/rohan/Downloads/Music/Day-N-Nite-Sosa-2021-Edit-Intro.mp3',Users/rohan/Downloads/Music/Day-N-Nite-Sosa-2021-Edit-Intro.mp3,file_not_found,
331,Macklemore & Ryan Lewis ft. Ray Dalton - Can't Hold Us - Richastic Remix (Intro - Clean),Reception Dancefloor%%Must Play,"""Users/rohan/Downloads/Music/Macklemore & Ryan Lewis ft. Ray Dalton - Can't Hold Us - Richastic Remix (Intro - Clean).mp3""",Users/rohan/Downloads/Music/Macklemore & Ryan Lewis ft. Ray Dalton - Can't Hold Us - Richastic Remix (Intro - Clean).mp3,file_not_found,
332,Macklemore & Ryan Lewis ft. Ray Dalton - Can't Hold Us - Richastic Remix (Intro - Dirty),Reception Dancefloor%%Must Play,"""Users/rohan/Downloads/Music/Macklemore & Ryan Lewis ft. Ray Dalton - Can't Hold Us - Richastic Remix (Intro - Dirty).mp3""",Users/rohan/Downloads/Music/Macklemore & Ryan Lewis ft. Ray Dalton - Can't Hold Us - Richastic Remix (Intro - Dirty).mp3,file_not_found,
333,Megan Thee Stallion & Yuki Chiba - Mamushi (ErickaVee Re-Drum Edit),Reception Dancefloor%%Must Play,'Users/rohan/Downloads/Music/Megan Thee Stallion & Yuki Chiba - Mamushi (ErickaVee Re-Drum Edit).mp3',Users/rohan/Downloads/Music/Megan Thee Stallion & Yuki Chiba - Mamushi (ErickaVee Re-Drum Edit).mp3,file_not_found,
334,Nelly - Ride Wit Me (Clean Intro),Reception Dancefloor%%Must Play,'Users/rohan/Downloads/Music/Nelly - Ride Wit Me (Clean Intro).mp3',Users/rohan/Downloads/Music/Nelly - Ride Wit Me (Clean Intro).mp3,file_not_found,
335,Where Do You Go (Ocean Drive Mix - 127 BPM),Reception Dancefloor%%Must Play,'Users/rohan/Downloads/Music/Where Do You Go (Ocean Drive Mix - 127 BPM).mp3',Users/rohan/Downloads/Music/Where Do You Go (Ocean Drive Mix - 127 BPM).mp3,file_not_found,
336,Notorious B.I.G ft 112 - Sky's The Limit (Clean),Reception Dancefloor%%Must Play,"""Users/rohan/Downloads/Music/Notorious B.I.G ft 112 - Sky's The Limit (Clean).mp3""",Users/rohan/Downloads/Music/Notorious B.I.G ft 112 - Sky's The Limit (Clean).mp3,file_not_found,
337,Kisi Disco Mein X Amplifier - Rhythm Flyp (hearthis.at) 2,Reception Dancefloor%%Must Play,'Users/rohan/Downloads/Music/Kisi Disco Mein X Amplifier - Rhythm Flyp (hearthis.at) 2.mp3',Users/rohan/Downloads/Music/Kisi Disco Mein X Amplifier - Rhythm Flyp (hearthis.at) 2.mp3,file_not_found,
338,Kisi Disco Mein X Amplifier - Rhythm Flyp (hearthis.at) 3,Reception Dancefloor%%Must Play,'Users/rohan/Downloads/Music/Kisi Disco Mein X Amplifier - Rhythm Flyp (hearthis.at) 3.mp3',Users/rohan/Downloads/Music/Kisi Disco Mein X Amplifier - Rhythm Flyp (hearthis.at) 3.mp3,file_not_found,
339,Rihanna - Dont Stop The Music (Afro-House) 123 Bpm 123,Reception Dancefloor%%Must Play,'Users/rohan/Downloads/Music/Rihanna - Dont Stop The Music (Afro-House) 123 Bpm 123.mp3',Users/rohan/Downloads/Music/Rihanna - Dont Stop The Music (Afro-House) 123 Bpm 123.mp3,file_not_found,
340,Stromae - Alors On Danse (Dave Ruthwell 'Tribal' Edit),Reception Dancefloor%%Must Play,"""Users/rohan/Downloads/Music/Stromae - Alors On Danse (Dave Ruthwell 'Tribal' Edit).mp3""",Users/rohan/Downloads/Music/Stromae - Alors On Danse (Dave Ruthwell 'Tribal' Edit).mp3,file_not_found,
341,Tegi Pannu - Schedule (Main),Reception Dancefloor%%Must Play,'Users/rohan/Downloads/Music/Tegi Pannu - Schedule (Main).mp3',Users/rohan/Downloads/Music/Tegi Pannu - Schedule (Main).mp3,file_not_found,
342,The Weeknd - Give Me Mercy [Intro Clean],Reception Dancefloor%%Must Play,'Users/rohan/Downloads/Music/The Weeknd - Give Me Mercy [Intro Clean].mp3',Users/rohan/Downloads/Music/The Weeknd - Give Me Mercy [Intro Clean].mp3,file_not_found,
343,Travis Scott 12A 80 - Topia Twins (Wingman) (Clean - 80BPM),Reception Dancefloor%%Must Play,'Users/rohan/Downloads/Music/Travis Scott 12A 80 - Topia Twins (Wingman) (Clean - 80BPM).mp3',Users/rohan/Downloads/Music/Travis Scott 12A 80 - Topia Twins (Wingman) (Clean - 80BPM).mp3,file_not_found,
344,WOST - BOASTY TEK EDIT 01 (REMIX),Reception Dancefloor%%Must Play,'Users/rohan/Downloads/Music/WOST - BOASTY TEK EDIT 01 (REMIX).mp3',Users/rohan/Downloads/Music/WOST - BOASTY TEK EDIT 01 (REMIX).mp3,file_not_found,
345,Beyoncé - Crazy In Love (Steve D Redrum)[CLEAN],Reception Dancefloor%%Must Play,'Users/rohan/Downloads/Music/Beyoncé - Crazy In Love (Steve D Redrum)[CLEAN].mp3',Users/rohan/Downloads/Music/Beyoncé - Crazy In Love (Steve D Redrum)[CLEAN].mp3,file_not_found,
346,Ed Sheeran F. Arijit Singh - Sapphire 95,Reception Dancefloor%%Must Play,'Users/rohan/Downloads/Music/Ed Sheeran F. Arijit Singh - Sapphire 95.mp3',Users/rohan/Downloads/Music/Ed Sheeran F. Arijit Singh - Sapphire 95.mp3,file_not_found,
347,"Black Eyed Peas, Ozuna & J. Rey Soul - MAMACITA (CK Intro - Clean)",Reception Dancefloor%%Must Play,"'Users/rohan/Downloads/Music/Black Eyed Peas, Ozuna & J. Rey Soul - MAMACITA (CK Intro - Clean).mp3'","Users/rohan/Downloads/Music/Black Eyed Peas, Ozuna & J. Rey Soul - MAMACITA (CK Intro - Clean).mp3",file_not_found,
348,"Black Eyed Peas, Ozuna & J. Rey Soul - MAMACITA (CK Intro - Dirty)",Reception Dancefloor%%Must Play,"'Users/rohan/Downloads/Music/Black Eyed Peas, Ozuna & J. Rey Soul - MAMACITA (CK Intro - Dirty).mp3'","Users/rohan/Downloads/Music/Black Eyed Peas, Ozuna & J. Rey Soul - MAMACITA (CK Intro - Dirty).mp3",file_not_found,
349,One Direction - What Makes You Beautiful (CK Intro - Clean),Reception Dancefloor%%Must Play,'Users/rohan/Downloads/Music/One Direction - What Makes You Beautiful (CK Intro - Clean).mp3',Users/rohan/Downloads/Music/One Direction - What Makes You Beautiful (CK Intro - Clean).mp3,file_not_found,
350,133. The Black Eyed Peas - I Gotta Feeling (Intro - Clean) Ck Cut,Reception Dancefloor%%Must Play,'Users/rohan/Downloads/Music/133. The Black Eyed Peas - I Gotta Feeling (Intro - Clean) Ck Cut.mp3',Users/rohan/Downloads/Music/133. The Black Eyed Peas - I Gotta Feeling (Intro - Clean) Ck Cut.mp3,file_not_found,
351,Pump Up The Jam (Intro - Clean),Reception Dancefloor%%Must Play,'Users/rohan/Downloads/Music/Pump Up The Jam (Intro - Clean).mp3',Users/rohan/Downloads/Music/Pump Up The Jam (Intro - Clean).mp3,file_not_found,
352,B.O.B. - Airplanes (Zero Tolerance Remix)[Clean],Reception Dancefloor%%Must Play,'Users/rohan/Downloads/Music/B.O.B. - Airplanes (Zero Tolerance Remix)[Clean].mp3',Users/rohan/Downloads/Music/B.O.B. - Airplanes (Zero Tolerance Remix)[Clean].mp3,file_not_found,
353,Justin Timberlake  (Jay-Z) -  Suit & Tie (Intro),Reception Dancefloor%%Must Play,'Users/rohan/Downloads/Music/Justin Timberlake  (Jay-Z) -  Suit & Tie (Intro).mp3',Users/rohan/Downloads/Music/Justin Timberlake  (Jay-Z) -  Suit & Tie (Intro).mp3,file_not_found,
354,Billie Eilish - Ocean Eyes,Reception Dancefloor%%Must Play,'Users/rohan/Downloads/Music/Billie Eilish - Ocean Eyes.mp3',Users/rohan/Downloads/Music/Billie Eilish - Ocean Eyes.mp3,file_not_found,
355,Suit & Tie (feat. JAY Z),Reception Dancefloor%%Must Play,'Users/rohan/Downloads/Music/Suit & Tie (feat. JAY Z).mp3',Users/rohan/Downloads/Music/Suit & Tie (feat. JAY Z).mp3,file_not_found,
356,Millionaire_320(PagalWorld.com.sb),Reception Dancefloor%%Must Play,'Users/rohan/Downloads/Music/Millionaire_320(PagalWorld.com.sb).mp3',Users/rohan/Downloads/Music/Millionaire_320(PagalWorld.com.sb).mp3,file_not_found,
357,Travis Scott - Antidote (CK Intro - Dirty) 2A 65,Reception Dancefloor%%Hip-Hop,'Users/rohan/Downloads/Music/Travis Scott - Antidote (CK Intro - Dirty) 2A 65.mp3',Users/rohan/Downloads/Music/Travis Scott - Antidote (CK Intro - Dirty) 2A 65.mp3,file_not_found,
358,Bryson Tiller - Whatever She Wants (CK Intro - Dirty) 8A 96,Reception Dancefloor%%Hip-Hop,'Users/rohan/Downloads/Music/Bryson Tiller - Whatever She Wants (CK Intro - Dirty) 8A 96.mp3',Users/rohan/Downloads/Music/Bryson Tiller - Whatever She Wants (CK Intro - Dirty) 8A 96.mp3,file_not_found,
359,"Chani Nattan, Miss Pooja ft. Inderpal Moga - Case (DJcity Intro)",Reception Dancefloor%%Hip-Hop,"'Users/rohan/Downloads/Music/Chani Nattan, Miss Pooja ft. Inderpal Moga - Case (DJcity Intro).mp3'","Users/rohan/Downloads/Music/Chani Nattan, Miss Pooja ft. Inderpal Moga - Case (DJcity Intro).mp3",file_not_found,
360,Drake & Central Cee - Which One - Da Phonk Club Edit (Clean),Reception Dancefloor%%Hip-Hop,'Users/rohan/Downloads/Music/Drake & Central Cee - Which One - Da Phonk Club Edit (Clean).mp3',Users/rohan/Downloads/Music/Drake & Central Cee - Which One - Da Phonk Club Edit (Clean).mp3,file_not_found,
361,Drake & Central Cee - Which One - Da Phonk Club Edit (Dirty),Reception Dancefloor%%Hip-Hop,'Users/rohan/Downloads/Music/Drake & Central Cee - Which One - Da Phonk Club Edit (Dirty).mp3',Users/rohan/Downloads/Music/Drake & Central Cee - Which One - Da Phonk Club Edit (Dirty).mp3,file_not_found,
362,Drake & Central Cee - Which One - Trayze Remix (Clean),Reception Dancefloor%%Hip-Hop,'Users/rohan/Downloads/Music/Drake & Central Cee - Which One - Trayze Remix (Clean).mp3',Users/rohan/Downloads/Music/Drake & Central Cee - Which One - Trayze Remix (Clean).mp3,file_not_found,
363,Drake & Central Cee - Which One - Trayze Remix (Dirty),Reception Dancefloor%%Hip-Hop,'Users/rohan/Downloads/Music/Drake & Central Cee - Which One - Trayze Remix (Dirty).mp3',Users/rohan/Downloads/Music/Drake & Central Cee - Which One - Trayze Remix (Dirty).mp3,file_not_found,
364,Jay-Z - Public Service Announcement (Interlude) (CK Intro - Clean),Reception Dancefloor%%Hip-Hop,'Users/rohan/Downloads/Music/Jay-Z - Public Service Announcement (Interlude) (CK Intro - Clean).mp3',Users/rohan/Downloads/Music/Jay-Z - Public Service Announcement (Interlude) (CK Intro - Clean).mp3,file_not_found,
365,Jay-Z - Public Service Announcement (Interlude) (CK Intro - Dirty),Reception Dancefloor%%Hip-Hop,'Users/rohan/Downloads/Music/Jay-Z - Public Service Announcement (Interlude) (CK Intro - Dirty).mp3',Users/rohan/Downloads/Music/Jay-Z - Public Service Announcement (Interlude) (CK Intro - Dirty).mp3,file_not_found,
366,Kanye West - Cant Tell Me Nothing (Intro - Clean),Reception Dancefloor%%Hip-Hop,'Users/rohan/Downloads/Music/Kanye West - Cant Tell Me Nothing (Intro - Clean).mp3',Users/rohan/Downloads/Music/Kanye West - Cant Tell Me Nothing (Intro - Clean).mp3,file_not_found,
367,Kendrick Lamar - Not Like Us (CK Intro - Clean) 9A 101 (2),Reception Dancefloor%%Hip-Hop,'Users/rohan/Downloads/Music/Kendrick Lamar - Not Like Us (CK Intro - Clean) 9A 101 (2).mp3',Users/rohan/Downloads/Music/Kendrick Lamar - Not Like Us (CK Intro - Clean) 9A 101 (2).mp3,file_not_found,
368,LL Cool J - Jingling Baby (Clean  Intro),Reception Dancefloor%%Hip-Hop,'Users/rohan/Downloads/Music/LL Cool J - Jingling Baby (Clean  Intro).mp3',Users/rohan/Downloads/Music/LL Cool J - Jingling Baby (Clean  Intro).mp3,file_not_found,
369,Migos - Versace (Clean),Reception Dancefloor%%Hip-Hop,'Users/rohan/Downloads/Music/Migos - Versace (Clean).mp3',Users/rohan/Downloads/Music/Migos - Versace (Clean).mp3,file_not_found,
370,Nardo Wick - Dah Dah DahDah (CK Intro - Dirty) 2A 84,Reception Dancefloor%%Hip-Hop,'Users/rohan/Downloads/Music/Nardo Wick - Dah Dah DahDah (CK Intro - Dirty) 2A 84.mp3',Users/rohan/Downloads/Music/Nardo Wick - Dah Dah DahDah (CK Intro - Dirty) 2A 84.mp3,file_not_found,
371,Shubh - Cheques (Intro),Reception Dancefloor%%Hip-Hop,'Users/rohan/Downloads/Music/Shubh - Cheques (Intro).mp3',Users/rohan/Downloads/Music/Shubh - Cheques (Intro).mp3,file_not_found,
372,The Weeknd Ft Future Low Life Redrum Dirty,Reception Dancefloor%%Hip-Hop,'Users/rohan/Downloads/Music/The Weeknd Ft Future Low Life Redrum Dirty.mp3',Users/rohan/Downloads/Music/The Weeknd Ft Future Low Life Redrum Dirty.mp3,file_not_found,
373,Jay-Z & Kanye West - Niggas In Paris (CK Intro - Dirty),Reception Dancefloor%%Hip-Hop,'Users/rohan/Downloads/Music/Jay-Z & Kanye West - Niggas In Paris (CK Intro - Dirty).mp3',Users/rohan/Downloads/Music/Jay-Z & Kanye West - Niggas In Paris (CK Intro - Dirty).mp3,file_not_found,
374,Akon ft Eminem  - Smack That (CK Intro - Dirty),Reception Dancefloor%%Hip-Hop,'Users/rohan/Downloads/Music/Akon ft Eminem  - Smack That (CK Intro - Dirty).mp3',Users/rohan/Downloads/Music/Akon ft Eminem  - Smack That (CK Intro - Dirty).mp3,file_not_found,
375,Dr Dre ft Snoop Dogg - Still D.R.E. (CK Intro - Clean),Reception Dancefloor%%Hip-Hop,'Users/rohan/Downloads/Music/Dr Dre ft Snoop Dogg - Still D.R.E. (CK Intro - Clean) .mp3',Users/rohan/Downloads/Music/Dr Dre ft Snoop Dogg - Still D.R.E. (CK Intro - Clean) .mp3,file_not_found,
376,"Bruno Mars & Sexyy Red - Fat, Juicy, & Wet (DJ ROCCO & DJ EVER B R&B Remix) (Clean)",Reception Dancefloor%%Hip-Hop,"'Users/rohan/Downloads/Music/Bruno Mars & Sexyy Red - Fat, Juicy, & Wet (DJ ROCCO & DJ EVER B R&B Remix) (Clean).mp3'","Users/rohan/Downloads/Music/Bruno Mars & Sexyy Red - Fat, Juicy, & Wet (DJ ROCCO & DJ EVER B R&B Remix) (Clean).mp3",file_not_found,
377,"Bruno Mars & Sexyy Red - Fat, Juicy, & Wet (DJ ROCCO & DJ EVER B R&B Remix) (Dirty)",Reception Dancefloor%%Hip-Hop,"'Users/rohan/Downloads/Music/Bruno Mars & Sexyy Red - Fat, Juicy, & Wet (DJ ROCCO & DJ EVER B R&B Remix) (Dirty).mp3'","Users/rohan/Downloads/Music/Bruno Mars & Sexyy Red - Fat, Juicy, & Wet (DJ ROCCO & DJ EVER B R&B Remix) (Dirty).mp3",file_not_found,
378,41-Kyle-Richh-Jenn-Carter-TaTa-Sexyy-Red-Bent-Remix-Intro-Dirty-124-8A,Reception Dancefloor%%Hip-Hop,'Users/rohan/Downloads/Music/41-Kyle-Richh-Jenn-Carter-TaTa-Sexyy-Red-Bent-Remix-Intro-Dirty-124-8A.mp3',Users/rohan/Downloads/Music/41-Kyle-Richh-Jenn-Carter-TaTa-Sexyy-Red-Bent-Remix-Intro-Dirty-124-8A.mp3,file_not_found,
379,A Boogie With Da Hoodie - Jungle (Collini Electronic Pulse Redrum Edit) (Dirty) 6A 95,Reception Dancefloor%%Hip-Hop,'Users/rohan/Downloads/Music/A Boogie With Da Hoodie - Jungle (Collini Electronic Pulse Redrum Edit) (Dirty) 6A 95.mp3',Users/rohan/Downloads/Music/A Boogie With Da Hoodie - Jungle (Collini Electronic Pulse Redrum Edit) (Dirty) 6A 95.mp3,file_not_found,
380,Bryson Tiller - Whatever She Wants (Dirty),Reception Dancefloor%%Hip-Hop,'Users/rohan/Downloads/Music/Bryson Tiller - Whatever She Wants (Dirty).mp3',Users/rohan/Downloads/Music/Bryson Tiller - Whatever She Wants (Dirty).mp3,file_not_found,
381,DaBaby-SHAKE-SUMN-Intro-Clean-143-1A,Reception Dancefloor%%Hip-Hop,'Users/rohan/Downloads/Music/DaBaby-SHAKE-SUMN-Intro-Clean-143-1A.mp3',Users/rohan/Downloads/Music/DaBaby-SHAKE-SUMN-Intro-Clean-143-1A.mp3,file_not_found,
382,DJ-Snake-feat.-Future-Travis-Scott-Tsunami-HMC-Pt.-2-Intro-Clean-70-1A,Reception Dancefloor%%Hip-Hop,'Users/rohan/Downloads/Music/DJ-Snake-feat.-Future-Travis-Scott-Tsunami-HMC-Pt.-2-Intro-Clean-70-1A.mp3',Users/rohan/Downloads/Music/DJ-Snake-feat.-Future-Travis-Scott-Tsunami-HMC-Pt.-2-Intro-Clean-70-1A.mp3,file_not_found,
383,Drake - N 2 Deep (Intro)[Clean],Reception Dancefloor%%Hip-Hop,'Users/rohan/Downloads/Music/Drake - N 2 Deep (Intro)[Clean].mp3',Users/rohan/Downloads/Music/Drake - N 2 Deep (Intro)[Clean].mp3,file_not_found,
384,Drake - N 2 Deep (Intro)[Dirty],Reception Dancefloor%%Hip-Hop,'Users/rohan/Downloads/Music/Drake - N 2 Deep (Intro)[Dirty].mp3',Users/rohan/Downloads/Music/Drake - N 2 Deep (Intro)[Dirty].mp3,file_not_found,
385,Drake-feat.-Central-Cee-Which-One-Clean-120-7A,Reception Dancefloor%%Hip-Hop,'Users/rohan/Downloads/Music/Drake-feat.-Central-Cee-Which-One-Clean-120-7A.mp3',Users/rohan/Downloads/Music/Drake-feat.-Central-Cee-Which-One-Clean-120-7A.mp3,file_not_found,
386,Future & Lil Uzi Vert - Drankin N Smokin (CK Intro - Dirty) 7A 76,Reception Dancefloor%%Hip-Hop,'Users/rohan/Downloads/Music/Future & Lil Uzi Vert - Drankin N Smokin (CK Intro - Dirty) 7A 76.mp3',Users/rohan/Downloads/Music/Future & Lil Uzi Vert - Drankin N Smokin (CK Intro - Dirty) 7A 76.mp3,file_not_found,
387,Future Ft. Drake - Where Ya At (Dirty Intro) 108,Reception Dancefloor%%Hip-Hop,'Users/rohan/Downloads/Music/Future Ft. Drake - Where Ya At (Dirty Intro) 108.mp3',Users/rohan/Downloads/Music/Future Ft. Drake - Where Ya At (Dirty Intro) 108.mp3,file_not_found,
388,Lil-Uzi-Vert-Chanel-Boy-Intro-Dirty-70-3A,Reception Dancefloor%%Hip-Hop,'Users/rohan/Downloads/Music/Lil-Uzi-Vert-Chanel-Boy-Intro-Dirty-70-3A.mp3',Users/rohan/Downloads/Music/Lil-Uzi-Vert-Chanel-Boy-Intro-Dirty-70-3A.mp3,file_not_found,
389,Saweetie-Tap-In-Intro-Clean-100-5A,Reception Dancefloor%%Hip-Hop,'Users/rohan/Downloads/Music/Saweetie-Tap-In-Intro-Clean-100-5A.mp3',Users/rohan/Downloads/Music/Saweetie-Tap-In-Intro-Clean-100-5A.mp3,file_not_found,
390,Saweetie-Tap-In-PeteDown-Mix-Clean-100-5A,Reception Dancefloor%%Hip-Hop,'Users/rohan/Downloads/Music/Saweetie-Tap-In-PeteDown-Mix-Clean-100-5A.mp3',Users/rohan/Downloads/Music/Saweetie-Tap-In-PeteDown-Mix-Clean-100-5A.mp3,file_not_found,
391,Akon  -  Don't Matter (Intro),Reception Dancefloor%%Hip-Hop,"""Users/rohan/Downloads/Music/Akon  -  Don't Matter (Intro).mp3""",Users/rohan/Downloads/Music/Akon  -  Don't Matter (Intro).mp3,file_not_found,
392,Travis Scott &038; CHASE B - 01 FE!N (CHASE B REMIX),Reception Dancefloor%%Hip-Hop,'Users/rohan/Downloads/Music/Travis Scott &038; CHASE B - 01 FE!N (CHASE B REMIX).m4a',Users/rohan/Downloads/Music/Travis Scott &038; CHASE B - 01 FE!N (CHASE B REMIX).m4a,file_not_found,
393,A Sky Full Of Stars (Robin Schulz Remix),Reception Dancefloor%%Hip-Hop,'Users/rohan/Downloads/Music/A Sky Full Of Stars (Robin Schulz Remix).mp3',Users/rohan/Downloads/Music/A Sky Full Of Stars (Robin Schulz Remix).mp3,file_not_found,
394,HUGEL - WTF - Tujamo Remix (Dirty),Reception Dancefloor%%Hip-Hop,'Users/rohan/Downloads/Music/HUGEL - WTF - Tujamo Remix (Dirty).mp3',Users/rohan/Downloads/Music/HUGEL - WTF - Tujamo Remix (Dirty).mp3,file_not_found,
395,John-Summit-Hayla-Where-You-Are-Radio-Edit-126-8A,Reception Dancefloor%%Hip-Hop,'Users/rohan/Downloads/Music/John-Summit-Hayla-Where-You-Are-Radio-Edit-126-8A.mp3',Users/rohan/Downloads/Music/John-Summit-Hayla-Where-You-Are-Radio-Edit-126-8A.mp3,file_not_found,
396,Boy's A Liar Pt. 2 (HOEST & Sev House Edit),Reception Dancefloor%%Hip-Hop,"""Users/rohan/Downloads/Music/Boy's A Liar Pt. 2 (HOEST & Sev House Edit).mp3""",Users/rohan/Downloads/Music/Boy's A Liar Pt. 2 (HOEST & Sev House Edit).mp3,file_not_found,
397,Nicky Jam - Hasta El Amanecer  Intro,Reception Dancefloor%%Pop ␛␛2f Top 40,'Users/rohan/Downloads/Music/Nicky Jam - Hasta El Amanecer  Intro .mp3',Users/rohan/Downloads/Music/Nicky Jam - Hasta El Amanecer  Intro .mp3,file_not_found,
398,Avicii - Levels (Retrovision Remix) (Even Steve Epic Intro) Clean 12A 128,Reception Dancefloor%%Pop ␛␛2f Top 40,'Users/rohan/Downloads/Music/Avicii - Levels (Retrovision Remix) (Even Steve Epic Intro) Clean 12A 128.mp3',Users/rohan/Downloads/Music/Avicii - Levels (Retrovision Remix) (Even Steve Epic Intro) Clean 12A 128.mp3,file_not_found,
399,Chief Keef vs MR.BLACK - Don't Like (Even Steve 'After Party' Bootleg) Intro - Dirty 11A 128,Reception Dancefloor%%Pop ␛␛2f Top 40,"""Users/rohan/Downloads/Music/Even Steve - Useful Edits/Chief Keef vs MR.BLACK - Don't Like (Even Steve 'After Party' Bootleg) Intro - Dirty 11A 128.mp3""",Users/rohan/Downloads/Music/Even Steve - Useful Edits/Chief Keef vs MR.BLACK - Don't Like (Even Steve 'After Party' Bootleg) Intro - Dirty 11A 128.mp3,file_not_found,
400,Avicii-feat.-Aloe-Blacc-Wake-Me-Up-SRY-2023-Remix-128-10A,Reception Dancefloor%%Pop ␛␛2f Top 40,'Users/rohan/Downloads/Music/Avicii-feat.-Aloe-Blacc-Wake-Me-Up-SRY-2023-Remix-128-10A.mp3',Users/rohan/Downloads/Music/Avicii-feat.-Aloe-Blacc-Wake-Me-Up-SRY-2023-Remix-128-10A.mp3,file_not_found,
401,Jay-Sean-vs.-WildVibes-Patrick-Key-Down-Dario-Valli-2023-Edit-128-10B,Reception Dancefloor%%Pop ␛␛2f Top 40,'Users/rohan/Downloads/Music/Jay-Sean-vs.-WildVibes-Patrick-Key-Down-Dario-Valli-2023-Edit-128-10B.mp3',Users/rohan/Downloads/Music/Jay-Sean-vs.-WildVibes-Patrick-Key-Down-Dario-Valli-2023-Edit-128-10B.mp3,file_not_found,
402,John-Summit-Hayla-Where-You-Are-Zedd-Remix-Radio-Edit-130-8A,Reception Dancefloor%%Pop ␛␛2f Top 40,'Users/rohan/Downloads/Music/John-Summit-Hayla-Where-You-Are-Zedd-Remix-Radio-Edit-130-8A.mp3',Users/rohan/Downloads/Music/John-Summit-Hayla-Where-You-Are-Zedd-Remix-Radio-Edit-130-8A.mp3,file_not_found,
403,Mark-Villa-Riptide-125-5A,Reception Dancefloor%%Pop ␛␛2f Top 40,'Users/rohan/Downloads/Music/Mark-Villa-Riptide-125-5A.mp3',Users/rohan/Downloads/Music/Mark-Villa-Riptide-125-5A.mp3,file_not_found,
404,Rufus-Du-Sol-Innerbloom-Franz-Ragga-2021-Mix-127-6A,Reception Dancefloor%%Pop ␛␛2f Top 40,'Users/rohan/Downloads/Music/Rufus-Du-Sol-Innerbloom-Franz-Ragga-2021-Mix-127-6A.mp3',Users/rohan/Downloads/Music/Rufus-Du-Sol-Innerbloom-Franz-Ragga-2021-Mix-127-6A.mp3,file_not_found,
405,Teriyaki Boyz - Tokyo Drift (HayaT Remix) Clean 2A 127,Reception Dancefloor%%Pop ␛␛2f Top 40,'Users/rohan/Downloads/Music/Teriyaki Boyz - Tokyo Drift (HayaT Remix) Clean 2A 127.mp3',Users/rohan/Downloads/Music/Teriyaki Boyz - Tokyo Drift (HayaT Remix) Clean 2A 127.mp3,file_not_found,
406,Simen-Sez-Champagne-Navajo-114,Reception Dancefloor%%Pop ␛␛2f Top 40,'Users/rohan/Downloads/Music/Simen-Sez-Champagne-Navajo-114.mp3',Users/rohan/Downloads/Music/Simen-Sez-Champagne-Navajo-114.mp3,file_not_found,
407,The-Weeknd-Playboi-Carti-Timeless-THUGLI-Remix-Dirty-125-10A,Reception Dancefloor%%Pop ␛␛2f Top 40,'Users/rohan/Downloads/Music/The-Weeknd-Playboi-Carti-Timeless-THUGLI-Remix-Dirty-125-10A.mp3',Users/rohan/Downloads/Music/The-Weeknd-Playboi-Carti-Timeless-THUGLI-Remix-Dirty-125-10A.mp3,file_not_found,
